ID,Conference,Year,Authors,Item Title,Item DOI,URL,MSR,SA,Pilot,RQ1: Data sources - From WHERE,RQ2: Reasons for MSR4SA - WHY,RQ2.motivation Codes,RQ2.why_msr Codes,RQ2.study_type Codes,RQ3: Architectural design activities WHAT FOR,RQ4: Mining techniques - HOW,RQ5: Type of information RETRIEVED,,,,,,,,,,,,,,,,,,
55,ECSA,2019,Matthias GalsterFabian GilsonFranáois Georis,What Quality Attributes Can We Find in Product Backlogs? A Machine Learning Perspective,10.1007/978-3-030-29983-5_6,http://link.springer.com/chapter/10.1007/978-3-030-29983-5_6,Yes,Yes,Yes,[backlog_stories][functional_requirement_stories],[agile][tacit_quality_attributes][precision_automatic_search],,,,[architectural_analysis],[machine_learning][nlp],[quality_requirements][architectural_driver],,,,,,,,,,,,,,,,,,
270,ECSA,2010,Sylvain ChardignyAbdelhak Seriai,Software Architecture Recovery Process Based on Object-Oriented Source Code and Documentation,10.1007/978-3-642-15114-9_35,http://link.springer.com/chapter/10.1007/978-3-642-15114-9_35,Yes,Yes,Yes,[source_code],""" most existing systems do not have a reliable architecture representation""
"" it is the case for most legacy systems""
""other systems, the available representation can diverge from the system implementation due to the lack of synchronization between software documentation
and implementation""
WE NEED TO RECOVERY FROM DUST
[architecture_information][program_comprehension][maintenability]",[poor_documentation][legacy_systems][lack_dev_doc_synchronization],[architecture_extraction][documentation_conformance],[exploratory],[architectural_analysis],[search_based_approach][entities_relationship][semi_automatic][clustering],[architecture_model],,,,,,,,,,,,,,,,,,
302,ECSA,2010,Ahmad Waqas KamalParis Avgeriou,Mining Relationships between the Participants of Architectural Patterns,10.1007/978-3-642-15114-9_34,http://link.springer.com/chapter/10.1007/978-3-642-15114-9_34,Yes,Yes,Yes,[architecture_design_documentation][architecture_diagrams][industrial_case_studies],"""; it takes a combination of patterns to cover all the requirements."" 
""integration of two or more patterns during software architecture design remains a challenging task.""",[requirement_coverage][combined_architectural_patterns],[existing_documentation],[exploraroty],[architectural_synthesis],[manual_analysis][qualitative],[architecture_model][patterns_relationship],,,,,,,,,,,,,,,,,,
16,2021 IEEE 18th International Conference on [::Software::] [::Architecture::] (ICSA),2021,E. Ntentos; U. Zdun; K. Plakidas; S. Geiger,Semi-automatic Feedback for Improving Architecture Conformance to Microservice Patterns and Practices,10.1109/ICSA51549.2021.00012,https://ieeexplore.ieee.org/stamp/stamp.jsp?arnumber=9426761,Yes,Yes,Yes,[models][microservice-based_systems][practitioners],"microservices as an architectural style for distributed systems
""Many well-established patterns and best practices have been documented in the literature.""
""system designs must adhere to many other architecture constraints""
""In complex or large systems, it can be hard and tedious to spot violations.""",[microservices][documentation_available][implementation_conformance][hard_spot_violations],[architecture_reconstruction],[exploratory],[architectural_analysis],[manual_(meta)model_specification][codable_models_tool][automated_constraints][model_traversing]***mode_analysis***,[architectural_design_decision][list_of_architecture_violations][solutions_fix],,,,,,,,,,,,,,,,,,
17,2020 IEEE International Conference on [::Software::] [::Architecture::] (ICSA),2020,A. Sejfia; N. Medvidovié?,Strategies for Pattern-Based Detection of Architecturally-Relevant Software Vulnerabilities,10.1109/ICSA47634.2020.00017,https://ieeexplore.ieee.org/stamp/stamp.jsp?arnumber=9101224,Yes,Yes,Yes,"[vulnerabilities_reports][tomcat_web_server]
",-,[code_smell_patterns][similar_vulnerability],[code_smells],[exploratory],[architectural_analysis],[static_analysis][ml][graphs],[architecture_dependency_graph][each_vulnerability_graph],,,,,,,,,,,,,,,,,,
58,2018 IEEE International Conference on [::Software::] [::Architecture::] (ICSA),2018,A. Shahbazian; Y. Kyu Lee; D. Le; Y. Brun; N. Medvidovic,Recovering Architectural Design Decisions,10.1109/ICSA.2018.00019,https://ieeexplore.ieee.org/stamp/stamp.jsp?arnumber=8417122,Yes,Yes,Yes,[source_code][commit_logs][issue_tracking],"""the design decisions made during the software lifecycle are typically not well documented""
""architects and developers to be able to automatically recover past design decisions""
""modern architectural recovery techniques, e.g., [40], [11], focus on recovering ?what? the architecture of a system looks like, and not ?why? the architecture looks the way""
",[poor_documentation][recovery_techniques][what_not_why],[software_repositories_rich_information],[exploratory],[architectural_analysis][architectural_synthesis],[static_architecture_extraction],[design_decisions],,,,,,,,,,,,,,,,,,
65,2018 IEEE International Conference on [::Software::] [::Architecture::] (ICSA),2018,M. Soliman; A. Rekaby Salama; M. Galster; O. Zimmermann; M. Riebisch,Improving the Search for Architecture Knowledge in Online Developer Communities,10.1109/ICSA.2018.00028,https://ieeexplore.ieee.org/stamp/stamp.jsp?arnumber=8417152,Yes,Yes,Yes,,,,,,,,,,,,,,,,,,,,,,,,,,
73,2018 IEEE International Conference on [::Software::] [::Architecture::] (ICSA),2018,D. M. Le; D. Link; A. Shahbazian; N. Medvidovic,An Empirical Study of Architectural Decay in Open-Source Software,10.1109/ICSA.2018.00027,https://ieeexplore.ieee.org/stamp/stamp.jsp?arnumber=8417151,Yes,Yes,Yes,[source_code][issue_tracking],"""Software systems tend to experience increasing problems as they are modified during their lifetimes"" 
""architectural decay, a class of problems caused by the introduction of design decisions that have not been carefully thought through by the system?s engineer""
""it has been shown that a code smell rarely indicates an architectural problem [38].""
""researchers have tried to identify groups of code smells that can point to design problems, i.e., to design smells """,[software_modification][architectural_decay][poor_desing_decisions],[code_smells],[exploratory],[architectural_analysis][architectural_synthesis],[static_analysis][clustering][graphs],[architectural_smells],,,,,,,,,,,,,,,,,,
81,2017 IEEE International Conference on [::Software::] [::Architecture::] (ICSA),2017,F. Haupt; F. Leymann; A. Scherer; K. Vukojevic-Haupt,A Framework for the Structural Analysis of REST APIs,10.1109/ICSA.2017.40,https://ieeexplore.ieee.org/stamp/stamp.jsp?arnumber=7930199,Yes,Yes,Yes,[online_documentation],""" many  APIs  that  claim  to  follow the  REST  style  are  not  REST  compliant  at  all ""
""o improve the state of the art in the design and realization  of  REST  APIs,""
WHY MSR? Documentation available so we can get insights from there.",[rest][not_compliant_api],[public_documentation],[exploratory],[architectural_analysis][architectural_evaluation],[manual_modeling][model_analysis],[canonical_metamodel][evaluation_metrics],,,,,,,,,,,,,,,,,,
90,2017 IEEE International Conference on [::Software::] [::Architecture::] (ICSA),2017,M. Soliman; M. Galster; M. Riebisch,Developing an Ontology for Architecture Knowledge from Developer Communities,10.1109/ICSA.2017.31,https://ieeexplore.ieee.org/stamp/stamp.jsp?arnumber=7930203,Yes,Yes,Yes,,,,,,,,,,,,,,,,,,,,,,,,,,
103,2017 IEEE International Conference on [::Software::] [::Architecture::] (ICSA),2017,M. Hammad; H. Bagheri; S. Malek,Determination and Enforcement of Least-Privilege Architecture in Android,10.1109/ICSA.2017.18,https://ieeexplore.ieee.org/stamp/stamp.jsp?arnumber=7930200,Yes,Yes,Yes,[app_runtime],-,[granular_permission][android_apps][global_privileges_inheritance],[runtime_extraction],[exploratory],[architectural_analysis],[static_program_analysis],[required_architectural_privileges],,,,,,,,,,,,,,,,,,
116,2016 13th Working IEEE/IFIP Conference on [::Software::] [::Architecture::] (WICSA),2016,T. Gerlitz; S. Kowalewski,Architectural Analysis of MATLAB/Simulink Models with Artshop,10.1109/WICSA.2016.54,,Yes,Yes,Yes,[matlab_models][source_code],"""The model-based software development process has been widely adopted by the automotive industry. A common tool for model-based software development is MATLAB/Simulink
by The MathWorks. ""
""Architectural flaws within MATLAB/Simulink models range from duplicate structures, low cohesion/high coupling within subsystems to model smells in the structure of the model""
""required by standards and norms like the ISO 262626-6 [11], tools are needed that can perform automatic architectural quality assessment""",[mode_based_sofware][automorive_industry][mathlab_as_tool][automatic_architecture_assessment][norms],[existing_models_and_code],[exploratory],[architectural_analysis][architectural_evaluation],[graph_based_analysis][code_static_analysis][matlab_model_analysis],[duplications][model_slicing][coupling_cohesion_metrics],,,,,,,,,,,,,,,,,,
120,2016 13th Working IEEE/IFIP Conference on [::Software::] [::Architecture::] (WICSA),2016,J. C. S. Santos; M. Mirakhorli; I. Mujhid; W. Zogaan,BUDGET: A Tool for Supporting Software Architecture Traceability Research,10.1109/WICSA.2016.47,https://ieeexplore.ieee.org/stamp/stamp.jsp?arnumber=7516852,Yes,Yes,Yes,[source_code][architectural_tactics],"""current state of traceability research relies on supervised or unsupervised techniques for developing tools to trace different types of artifacts""
""creating such datasets requires months of manual effort"": gathering data to train those algorithms is toilsome",[trace_architectural_artifacts][ml_techniques][great_effort_on_training_dataset],[public_information][automated_approach][less_effort],[exploratory],[architectural_analysis],[supervised_learning],[ml_training_data][code_snippets_architectural_tactics],,,,,,,,,,,,,,,,,,
248,2012 Joint Working IEEE/IFIP Conference on [::Software::] [::Architecture::] and European Conference on [::Software::] [::Architecture::],2012,J. Garcia; I. Krka; N. Medvidovic; C. Douglas,A Framework for Obtaining the Ground-Truth in Architectural Recovery,10.1109/WICSA-ECSA.212.48,https://ieeexplore.ieee.org/stamp/stamp.jsp?arnumber=6337738,Yes,Yes,Yes,***documentation/principles***[generic_SE_documentation][domain_information][application_documentation][system_context_information],"""the maintenance of a system?s architecture is exacerbated by the related phenomena of architectural drift and erosion""
""a number of techniques have been proposed to help recover a system?s architecture from its implementation""
""The most comprehensive criterion is a comparison of the result of a recovery technique with an authoritative recovery. ""
""reliable authoritative recovery is one that, after construction, is certified by an architect or engineer of the software system""
""contributor with intimate knowledge of the system?s architecture, or long-term contributor for short.""",[architectural_decay][existing_architecture_extraction_techniques][authoratative_recovery_certification],[existing_partial_documentation][validated_expert_contributors][avoid_surveys],[exploratory][validation],[architectural_analysis],[manual_documentation_gathering][semiautomatic_recovery][unsupervised_learning],[architecture_model],,,,,,,,,,,,,,,,,,
264,2011 Ninth Working IEEE/IFIP Conference on [::Software::] [::Architecture::],2011,M. T. Su; J. Hosking; J. Grundy,Capturing Architecture Documentation Navigation Trails for Content Chunking and Sharing,10.1109/WICSA.2011.41,https://ieeexplore.ieee.org/stamp/stamp.jsp?arnumber=5959779,Yes,Yes,Yes,[documentation][wiki_pages],""" stakeholders  having  only  partial  interest  in  the content  of  the  ADs""
""To  support  finding  relevant  AD  information,  we  argue that  the  architectural  information  in  an  AD  needs  to  be structured into or presented as chunks""
",[stakeholders][different_interest][partial_AD][chunked_architecture],[public_documentation][group_information],[exploratory],[architectural_analysis],[matlab_analysis][duplicate_detection][model_slicing][cohesion/coupling_metrics],[architecture_model],,,,,,,,,,,,,,,,,,
400,Seventh Working IEEE/IFIP Conference on [::Software::] [::Architecture::] (WICSA 2008),2008,A. Molesini; A. Garcia; C. v. F. G. Chavez; T. Batista,On the Quantitative Analysis of Architecture Stability in Aspectual Decompositions,10.1109/WICSA.2008.26,https://ieeexplore.ieee.org/stamp/stamp.jsp?arnumber=4459141,Yes,Yes,Yes,[aspect_oriented_architectures][adl][from_CMS_conference],"""no empirical understanding on the positive and negative effects of aspect-oriented (AO) software architectures in promoting architectural design stabil-
ity""
""difficulty of analyzing the stability of aspect-oriented architecture designs stems from the fact that aspectual compositions can significantly take different forms according to the dominant architectural decompositions applied. ""
""these alternative style-based designs of the same system were the target of typical architectural changes so that we could contrast ripple effects detected in both conventional bindings and pointcuts""",[aspect-oriented_software_architecture][impact][architectural_design_stability],[same_system][architecture_evolution],[exploratory],[architectural_analysis][architectural_evaluation],[systematic_analysis][qualitative_analysis],[architectural_design][blackboard],,,,,,,,,,,,,,,,,,
58,2021 IEEE/ACM 18th International Conference on [::Mining::] [::Software::] [::Repositories::] (MSR),2021,I. Malavolta; K. Chinnappan; S. Swanborn; G. A. Lewis; P. Lago,Mining the ROS ecosystem for Green Architectural Tactics in Robotics and an Empirical Evaluation,10.1109/MSR52588.2021.00042,https://ieeexplore.ieee.org/stamp/stamp.jsp?arnumber=9463098,Yes,Yes,Yes,,,,,,,,,,,,,,,,,,,,,,,,,,
100,2019 IEEE/ACM 16th International Conference on [::Mining::] [::Software::] [::Repositories::] (MSR),2019,A. Raghuraman; T. Ho-Quang; M. R. V. Chaudron; A. Serebrenik; B. Vasilescu,Does UML Modeling Associate with Lower Defect Proneness?: A Preliminary Empirical Investigation,10.1109/MSR.2019.00024,https://ieeexplore.ieee.org/stamp/stamp.jsp?arnumber=8816762,Yes,No,Yes,[source_code][issues_tracking][github],"""despite many expected benefits of UML modeling on software development outcomes, the empirical evidence on the matter is scarce.""
""the use of UML modeling, on average, should correlate with higher software quality""
""search of evidence [8] to substantiate this belief, we start from a publicly  vailable data set of open-source software projects on GITHUB that use UML models [9], and: 1) assemble a control group of GITHUB projects not known
to use UML models;""",[uml_as_standard][software_quality][empirical_evidences],[state_of_the_practice][real_world_projects],[exploratory],[architectural_synthesis][architectural_evaluation],[machine_learning][nlp][regression_analysis],[issue_messages][repository_metadata][regression_model],,,,,,,,,,,,,,,,,,
433,2013 10th Working Conference on [::Mining::] [::Software::] [::Repositories::] (MSR),2013,L. B. L. de Souza; M. de Almeida Maia,Do software categories impact coupling metrics?,10.1109/MSR.2013.6624030,https://ieeexplore.ieee.org/stamp/stamp.jsp?arnumber=6624030,Yes,Yes,Yes,[source_code][iplasm_tool],"""module coupling, which measures the dependency level between two modules""
""directly  impacts maintenance, evolution, and reuse of software components""
""Open  source  software  repositories  play  a  major  role  in mining  software  repositories  because  they  offer  thousands  of   projects, within different domains, opening unprecedented opportunities for research.""
""Considering  the  huge  amount  of  information  in  software repositories,  software  metrics  have  gained  renewed  interest because they can enable automated large-scale quality analysis of  software.""
""a  larger  scale  study [than in the literature]  with  a careful characterization of samples for different domains could indicate significant differences between metric values of different  domains.",[module_coupling][impacts_quality][larger_study_practice][gather_coupling_metrics],[open_source_projects][different_domain][rich_information],[exploratory],[architectural_synthesis][architectural_evaluation],[manual_qualitative_analysis][static_analysis],[coupling_metrics],,,,,,,,,,,,,,,,,,
561,2010 7th IEEE Working Conference on [::Mining::] [::Software::] [::Repositories::] (MSR 2010),2010,D. Posnett; C. Bird; P. Devanbu,THEX: Mining metapatterns from java,10.1109/MSR.2010.5463349,https://ieeexplore.ieee.org/stamp/stamp.jsp?arnumber=5463349,Yes,Yes,Yes,[bytecode][source_code],"""Most large software projects have hot spots that undergo frequent change. One of the challenges of any designer is to develop a design that accommodates this change with minimal impact on the rest of the system.""
""In 1994, Wolfgang Pree presented a system of patterns of object-oriented interaction that constitute a minimal means to capture reusable object-oriented design that he named metapatterns [1]. ""
""examining the evolution of software design and studying the effect of different design patterns on outcomes such as software quality""
""",[large_projects][frequent_changes][minimize_quality_impact][metapatterns],[information_in_source_code],[exploratory],[architectural_synthesis][architectural_evaluation],[bytecode_static_analysis],[metapatterns_taxonomy],,,,,,,,,,,,,,,,,,
41,ECSA,2019,Hasan Sîzer,Evaluating the Effectiveness of Multi-level Greedy Modularity Clustering for Software Architecture Recovery,10.1007/978-3-030-29983-5_5,http://link.springer.com/chapter/10.1007/978-3-030-29983-5_5,Yes,Yes,No,[source_code],"""This documentation turns out to be usually incorrect or incomplete, especially for old legacy systems""
""effort-intensive to recover such a documentation manually""
""Software architecture reconstruction [9] or recovery [21] (SAR) approaches have been introduced to recover software architecture documentation.""",[due to knowledge vaporization][manual effort],[imcomplete_documentation][effort-intensive_manually][new_sar_technique][empirical_evaluation],???,[architectural_analysis],[unsupervised_learning][clustering],[dependency_graphs][structural_decomposition_pattern],,,,,,,,,,,,,,,,,,
95,ECSA,2017,Georgios DigkasMircea LunguAlexander ChatzigeorgiouParis Avgeriou,222,10.1007/978-3-319-65831-5_4,http://link.springer.com/chapter/10.1007/978-3-319-65831-5_4,Yes,Yes,No,[source_code],"""Many studies have been presented in the literature that investigate the evolution of software systems but few have focused on the evolution of technical debt""",,[technical_debt_evolution],???,[architectural_analysis],[statical_analysis],[technical_debt_estimations],,,,,,,,,,,,,,,,,,
100,ECSA,2016,Ersin ErsoyKamer KayaMetin Alt?n???kHasan Sîzer,Using Hypergraph Clustering for Software Architecture Reconstruction of Data-Tier Software,10.1007/978-3-319-48992-6_24,http://link.springer.com/chapter/10.1007/978-3-319-48992-6_24,Yes,Yes,No,[database_structure][source_code],"""Modularity is one of the key properties for software design ""
""Otherwise, the maintainability and evolvability of the system suffer. ""
""Software architecture documentation might be incorrect/incomplete for old
legacy systems due to architectural drift""
""Software architecture reconstruction (SAR) techniques [8] have been introduced to recover such documentation""",,"[software_modularity][increase_maintainability][architectural_drift_decay][software_architecture_reconstruction]
legacy systems due to architectural drift",???,[architectural_analysis][architectural_synthesis],[model_analysis],[hypergraph_model][weighted_model][package_model_diagram],,,,,,,,,,,,,,,,,,
119,ECSA,2016,Christel KaptoGhizlane El BoussaidiSägla KpodjedoChouki Tibermacine,Inferring Architectural Evolution from Source Code Analysis,10.1007/978-3-319-48992-6_11,http://link.springer.com/chapter/10.1007/978-3-319-48992-6_11,Yes,Yes,No,[source_code][tactics_description_documentation],"""hypothesize that some of the architectural intentions can be
inferred from the analysis of the evolution of the source code""
""Clustering a set of changes made to the source code and analyzing the results may reveal a high level
decision. """,,[architectural_intention_inference][source_code_evolution],???,[architectural_analysis][architectural_synthesis],[model_analysis],[design_tactics],,,,,,,,,,,,,,,,,,
2,2021 IEEE 18th International Conference on [::Software::] [::Architecture::] (ICSA),2021,A. Shokri; J. C. S. Santos; M. Mirakhorli,ArCode: Facilitating the Use of Application Frameworks to Implement Tactics and Patterns,10.1109/ICSA51549.2021.00021,https://ieeexplore.ieee.org/stamp/stamp.jsp?arnumber=9426773,Yes,Yes,No,???,"""Developers use Application Programming Interfaces (APIs) to import and use the frameworks? functionalities ""
""programs? quality largely depends on using these APIs correctly""
""Multiple studies have shown that proper use of a framework?s API requires an in-depth understanding of its underlying architectural patterns and tactics...""
""We propose an approach entitled ARCODE to help programmers implement an architectural tactic or pattern using API recommendations""",,[framework_api][quality_depend_on_api][require_indepth_understanding_architecture],???,,,,,,,,,,,,,,,,,,,,,
5,2021 IEEE 18th International Conference on [::Software::] [::Architecture::] (ICSA),2021,D. M. Le; S. Karthik; M. S. Laser; N. Medvidovic,Architectural Decay as Predictor of Issue- and Change-Proneness,10.1109/ICSA51549.2021.00017,https://ieeexplore.ieee.org/stamp/stamp.jsp?arnumber=9426752,Yes,Yes,No,[source_code][issues_tracking],-,[issue_prediction][by_architectural_decay],[automation][prediction],[evaluation],[architectural_analysis][architectural_evaluation],[information_retrieval][model_analysis],[issues_prediction_models],,,,,,,,,,,,,,,,,,
11,2021 IEEE 18th International Conference on [::Software::] [::Architecture::] (ICSA),2021,J. Garcia; M. Mirakhorli; L. Xiao; Y. Zhao; I. Mujhid; K. Pham; A. Okutan; S. Malek; R. Kazman; Y. Cai; N. Medvidovié?,Constructing a Shared Infrastructure for Software Architecture Analysis and Maintenance,10.1109/ICSA51549.2021.00022,https://ieeexplore.ieee.org/stamp/stamp.jsp?arnumber=9426737,Yes,Yes,No,[existing_benchmarks_database_tools],-,[different_tools_techniques][lack_shared_infrastructure][reinventing],[repository_architectural_artifacts],[evaluation],???,???,[architectural_artifacts],,,,,,,,,,,,,,,,,,
24,2020 IEEE International Conference on [::Software::] [::Architecture::] (ICSA),2020,Y. Zhang; B. Liu; L. Dai; K. Chen; X. Cao,Automated Microservice Identification in Legacy Systems with Functional and Non-Functional Metrics,10.1109/ICSA47634.2020.00021,https://ieeexplore.ieee.org/stamp/stamp.jsp?arnumber=9101217,Yes,Yes,No,[runtime_execution_logs][functional_and_non_functional],-,[legacy_system][monolith][microservices_extraction],[keep_bussiness_values][follow_technological_advances],[evaluation],[architectural_synthesis],[resource_monitoring][information_retriaval][genetic_algorithms],[candidate_microservices][architectural_model],,,,,,,,,,,,,,,,,,
26,2020 IEEE International Conference on [::Software::] [::Architecture::] (ICSA),2020,Y. Zhao; L. Xiao; X. Wang; Z. Chen; B. Chen; Y. Liu,Butterfly Space: An Architectural Approach for Investigating Performance Issues,10.1109/ICSA47634.2020.00027,https://ieeexplore.ieee.org/stamp/stamp.jsp?arnumber=9101223,Yes,Yes,No,[source_code][issue_tracking][runtime_performance_metrics][code_coverage],-,[detect_performance_issues],[user_experience][software_quality],[evaluation],[architectural_analysis][architectural_evaluation],[manual_qualitative_analysis][static_analysis][model_analysis-method_graphs],[methods_architectural_connections][group_connected_performance_improvements]That may impact performance,,,,,,,,,,,,,,,,,,
46,2019 IEEE International Conference on [::Software::] [::Architecture::] (ICSA),2019,R. Verdecchia; I. Malavolta; P. Lago,Guidelines for Architecting Android Apps: A Mixed-Method Empirical Study,10.1109/ICSA.2019.00023,https://ieeexplore.ieee.org/stamp/stamp.jsp?arnumber=8703927,Yes,Yes,No,[surveys][gray_white_literature],-,[high_quality_apps][more_emphasis_in_the_architecture][subject_of_conflicting_opinions],[support_developers][improving_architecture],[exploratory],[architectural_analysis],[practitioner_interviews][systematic_literature_analysis],[architectural_guidelines],,,,,,,,,,,,,,,,,,
55,2019 IEEE International Conference on [::Software::] [::Architecture::] (ICSA),2019,D. Gonzalez; F. Alhenaki; M. Mirakhorli,Architectural Security Weaknesses in Industrial Control Systems (ICS) an Empirical Study Based on Disclosed Software Vulnerabilities,10.1109/ICSA.2019.00012,https://ieeexplore.ieee.org/stamp/stamp.jsp?arnumber=8703918,Yes,Yes,No,[vulnerability_reports][documentation],-,[industry_automation][security_concerns][security_patched_not_trivial],[domain_comprehension],[exploraroty],[architectural_analysis],[automatic_text_analysis][qualitative_analysis][model_analysis],[secutiry_tactics][architectural_tactics],,,,,,,,,,,,,,,,,,
69,2018 IEEE International Conference on [::Software::] [::Architecture::] (ICSA),2018,M. Bhat; K. Shumaiev; K. Koch; U. Hohenstein; A. Biesdorf; F. Matthes,An Expert Recommendation System for Design Decision Making: Who Should be Involved in Making a Design Decision?,10.1109/ICSA.2018.00018,https://ieeexplore.ieee.org/stamp/stamp.jsp?arnumber=8417121,Yes,Yes,No,[issue_management_system],-,[large_software_projects][decision_making][who_should_be_involved],[selection_by_expertise],[evaluation],[architectural_analysis],[information_retriaval][machine_learning],[architects_expertise],,,,,,,,,,,,,,,,,,
89,2017 IEEE International Conference on [::Software::] [::Architecture::] (ICSA),2017,J. C. S. Santos; A. Peruma; M. Mirakhorli; M. Galstery; J. V. Vidal; A. Sejfia,"Understanding Software Vulnerabilities Related to Architectural Security Tactics: An Empirical Investigation of Chromium, PHP and Thunderbird",10.1109/ICSA.2017.39,https://ieeexplore.ieee.org/stamp/stamp.jsp?arnumber=7930201,Yes,Yes,No,[source_code][version_control_data][bug_data],-,[security_tactics][detect_react_from_attacks][tactic_implementation][tactics_deterioration],[software_security],[exploraroty],[architectural_analysis],[documentation_literature_revision][keyword_search][reverse_engineering][manual_qualitative_analysis],[architectural_tactics_versus_vulnerabilities],,,,,,,,,,,,,,,,,,
94,2017 IEEE International Conference on [::Software::] [::Architecture::] (ICSA),2017,N. A. Ernst; S. Bellomo; I. Ozkaya; R. L. Nord,What to Fix? Distinguishing between Design and Non-design Rules in Automated Tools,10.1109/ICSA.2017.25,https://ieeexplore.ieee.org/stamp/stamp.jsp?arnumber=7930213,Yes,Yes,No,[software_quality_management_tools],-,[design_problems][automatic_detection][tools_code_level][want_design_level],[longterm_maintainance_cost],[evaluation],[architectural_evaluation],[qualitative_analysis],[software_quality_rules_labeling][design_or_non_design],,,,,,,,,,,,,,,,,,
99,2017 IEEE International Conference on [::Software::] [::Architecture::] (ICSA),2017,V. C. Pham; A. Radermacher; S. Gerard; S. Li,Bidirectional Mapping between Architecture Model and Code for Synchronization,10.1109/ICSA.2017.41,https://ieeexplore.ieee.org/stamp/stamp.jsp?arnumber=7930223,NO,Yes,No,[uml_model],-,[uml_model_architecture][mde][only_skeleton_code][modifications_may_violate_architecture],[synchronization_architecture_code],[evaluation],[architectural_analysis][architectural_synthesis],[extended_programming_language],[bidirectional_mapping_architectural_model_code],,,,,,,,,,,,,,,,,,
127,2016 13th Working IEEE/IFIP Conference on [::Software::] [::Architecture::] (WICSA),2016,R. L. Nord; R. Sangwan; J. Delange; P. Feiler; L. Thomas; I. Ozkaya,Missed Architectural Dependencies: The Elephant in the Room,10.1109/WICSA.2016.32,https://ieeexplore.ieee.org/stamp/stamp.jsp?arnumber=7516810,NO,Yes,No,[multilevel_system_views],-,[software_component_dependencies][impact_of_changes],[maintainability][modularity],[exploraroty],[architectural_synthesis],[manual_qualitative_analysis],[dependency_models][dependencies_guide],,,,,,,,,,,,,,,,,,
133,2016 13th Working IEEE/IFIP Conference on [::Software::] [::Architecture::] (WICSA),2016,M. Langhammer; A. Shahbazian; N. Medvidovic; R. H. Reussner,Automated Extraction of Rich Software Models from Limited System Information,10.1109/WICSA.2016.35,https://ieeexplore.ieee.org/stamp/stamp.jsp?arnumber=7516816,Yes,Yes,No,[source_code][test_artifacts],-,[limited_information][no_modeling][parts_put_together],[understand_nf_impacts],[evaluation],[architectural_analysis][architectural_evaluation],[existing_tools][extract_models_from_code],[architectural_models],,,,,,,,,,,,,,,,,,
134,2016 13th Working IEEE/IFIP Conference on [::Software::] [::Architecture::] (WICSA),2016,M. Soliman; M. Galster; A. R. Salama; M. Riebisch,Architectural Knowledge for Technology Decisions in Developer Communities: An Exploratory Study with StackOverflow,10.1109/WICSA.2016.13,https://ieeexplore.ieee.org/stamp/stamp.jsp?arnumber=7516820,Yes,Yes,No,[online_posts][stack_overflow],-,[architectural_decision][impact_implementation][dificult_to_change],[architecture_knowledge],[exploraroty],[architectural_analysis],[keyword_based_querying][manual_qualitative_analysis][practitioners_feedback][quantitative_analysis_dm_algorithms],[posts_classification][architecture_relevant_posts][arp_subtypes],,,,,,,,,,,,,,,,,,
137,2016 13th Working IEEE/IFIP Conference on [::Software::] [::Architecture::] (WICSA),2016,A. Nicolaescu; H. Lichter,Behavior-Based Architecture Reconstruction and Conformance Checking,10.1109/WICSA.2016.25,https://ieeexplore.ieee.org/stamp/stamp.jsp?arnumber=7516824,Yes,Yes,No,,-,[updating_software_architecture][architecture_erosion],[dynamic_view][behavior],[evaluation],-,only meta-model,-,,,,,,,,,,,,,,,,,,
150,2016 13th Working IEEE/IFIP Conference on [::Software::] [::Architecture::] (WICSA),2016,N. B. Harrison; E. Gubler; D. Skinner,Software Architecture Pattern Morphology in Open-Source Systems,10.1109/WICSA.2016.8,https://ieeexplore.ieee.org/stamp/stamp.jsp?arnumber=7516815,Yes,Yes,No,[literature][architectural_description],-,[architecture_patterns][morph_evolve_over_time],[understand_evolutionary_paths],[exploraroty],[architectural_analysis],[qualitative_analysis],[architecture_pattern_evidences],,,,,,,,,,,,,,,,,,
152,2016 13th Working IEEE/IFIP Conference on [::Software::] [::Architecture::] (WICSA),2016,J. Klein; I. Gorton; L. Alhmoud; J. Gao; C. Gemici; R. Kapoor; P. Nair; V. Saravagi,Model-Driven Observability for Big Data Storage,10.1109/WICSA.2016.27,https://ieeexplore.ieee.org/stamp/stamp.jsp?arnumber=7516821,NO,Yes,No,[realtime_performance_data],-,[large_systems_big_data][heterogeneity][performance_models],[observability][performance_at_runtime],[evaluation],-,-,-,,,,,,,,,,,,,,,,,,
156,2016 13th Working IEEE/IFIP Conference on [::Software::] [::Architecture::] (WICSA),2016,D. M. Le; C. Carrillo; R. Capilla; N. Medvidovic,Relating Architectural Decay and Sustainability of Software Systems,10.1109/WICSA.2016.15,https://ieeexplore.ieee.org/stamp/stamp.jsp?arnumber=7516827,Yes,Yes,No,[bug/issue_tracking],-,[architecture_decay],[sustainable_systems][software_quality],[evaluation],[architectural_analysis][ahitectural_synthesis],[quality_metrics_taxonomy][qualitative_analysis],[architecture_smells],,,,,,,,,,,,,,,,,,
157,2016 13th Working IEEE/IFIP Conference on [::Software::] [::Architecture::] (WICSA),2016,E. Yuan; S. Malek,Mining Software Component Interactions to Detect Security Threats at the Architectural Level,10.1109/WICSA.2016.12,https://ieeexplore.ieee.org/stamp/stamp.jsp?arnumber=7516831,NOT_SURE,Yes,No,[runtime_execution][event_log][component_interaction_events],-,[identify_cyber_threats][anomalies_architectural_level],[security],[evaluation],[architectural_analysis][architectural_evaluation],[moder_extraction][model_analysis][sequential_patterns_mining],[component_interaction_model][quantitative_anomaly_for_event],,,,,,,,,,,,,,,,,,
222,2012 Joint Working IEEE/IFIP Conference on [::Software::] [::Architecture::] and European Conference on [::Software::] [::Architecture::],2012,M. Astekin; H. S??zer,Utilizing Clone Detection for Domain Analysis of Simulation Systems,10.1109/WICSA-ECSA.212.47,https://ieeexplore.ieee.org/stamp/stamp.jsp?arnumber=6337737,Yes,Yes,No,[source_code],-,[code_clone][different_industrial_simulation_systems],[deriving_commonalities],[exploratory],[architectural_analysis][architectural_synthesis],[lexical_analysis_tokenization][model_analysis_trees][qualitative_analysis],[domain_concepts][reusable_ components][reference_architecture],,,,,,,,,,,,,,,,,,
311,2011 Ninth Working IEEE/IFIP Conference on [::Software::] [::Architecture::],2011,G. Buchgeher; R. Weinreich,Automatic Tracing of Decisions to Architecture and Implementation,10.1109/WICSA.2011.16,https://ieeexplore.ieee.org/stamp/stamp.jsp?arnumber=5959698,Yes,Yes,No,[modeling_traces][log_events],-,[architectural_design_decisions][multilevel_abstraction][evaluation_matches_requirements],[architecture_traceability][architecture_evaluation],[evaluation],[architectural_synthesis][architectural_evaluation],[semi_automatic][log_traces][model_analysis],[architectural_elements][design_decisions],,,,,,,,,,,,,,,,,,
406,Seventh Working IEEE/IFIP Conference on [::Software::] [::Architecture::] (WICSA 2008),2008,N. B. Harrison; P. Avgeriou,Analysis of Architecture Pattern Usage in Legacy System Architecture Documentation,10.1109/WICSA.2008.18,https://ieeexplore.ieee.org/stamp/stamp.jsp?arnumber=4459153,Yes,Yes,No,[architectural_diagrams],-,[architecture_patterns][map_patterns][combination_of_patterns],[software_quality],[exploraroty],[architectural_analysis],[qualitative_analysis],[architecture_patterns][pairs_of_architecture_patterns],,,,,,,,,,,,,,,,,,
80,2019 IEEE/ACM 16th International Conference on [::Mining::] [::Software::] [::Repositories::] (MSR),2019,M. Ahmad; M. ??. Cinn??ide,Impact of Stack Overflow Code Snippets on Software Cohesion: A Preliminary Study,10.1109/MSR.2019.00050,https://ieeexplore.ieee.org/stamp/stamp.jsp?arnumber=8816758,Yes,Yes,No,[stack_overflow_posts][source_code],-,[copying_code_snippets],[code_quality],[exploraroty],[architectural_evaluation],[static_analysis][statistical_analysis],[quality_measurements],,,,,,,,,,,,,,,,,,
224,2018 IEEE/ACM 15th International Conference on [::Mining::] [::Software::] [::Repositories::] (MSR),2018,A. Shahbazian; D. Nam; N. Medvidovic,Toward Predicting Architectural Significance of Implementation Issues,,https://ieeexplore.ieee.org/stamp/stamp.jsp?arnumber=8595204,Yes,Yes,No,[issue_tracking][source_code][commit_information],-,[architectural_changes][decay],[software_quality],[exploraroty],[architectural_analysis][architectural_evaluation],[keyword_filtering][reverse_engineering][similarity_metric_a2a][automation_nlp],[list_of_issues_architectural_significance],,,,,,,,,,,,,,,,,,
281,2017 IEEE/ACM 14th International Conference on [::Mining::] [::Software::] [::Repositories::] (MSR),2017,A. Shatnawi; H. Mili; G. El Boussaidi; A. Boubaker; Y. Gu??h??neuc; N. Moha; J. Privat; M. Abdellatif,Analyzing Program Dependencies in Java EE Applications,10.1109/MSR.2017.6,https://ieeexplore.ieee.org/stamp/stamp.jsp?arnumber=7962356,Yes,Yes,No,[source_code],-,[component_dependencies][jee_applications],[maintainability],[evaluation],[architectural_analysis],[static_analysis][model_analysis][graph],[list_of_component_dependencies],,,,,,,,,,,,,,,,,,
379,2015 IEEE/ACM 12th Working Conference on [::Mining::] [::Software::] [::Repositories::],2015,M. Wermelinger; Y. Yu,An Architectural Evolution Dataset,10.1109/MSR.2015.74,https://ieeexplore.ieee.org/stamp/stamp.jsp?arnumber=7180128,Yes,Yes,No,[architectural_metadata],-,[architectural_evolution],[maintainability],[evaluation],[architectural_analysis],[snapshot_modeling][model_transformation],[architectural_evolution_model],,,,,,,,,,,,,,,,,,
386,2015 IEEE/ACM 12th Working Conference on [::Mining::] [::Software::] [::Repositories::],2015,D. M. Le; P. Behnamghader; J. Garcia; D. Link; A. Shahbazian; N. Medvidovic,An Empirical Study of Architectural Change in Open-Source Software Systems,10.1109/MSR.2015.29,https://ieeexplore.ieee.org/stamp/stamp.jsp?arnumber=7180083,Yes,Yes,No,[source_code],-,[architectural_decay][nature_of_decay],[maintainability][cost_reduction],[exploraroty],[architectural_analysis][architectural_evaluation],[clustering][statistical_analysis],[architectural_views][evolution_path][change_metrics],,,,,,,,,,,,,,,,,,
478,2013 10th Working Conference on [::Mining::] [::Software::] [::Repositories::] (MSR),2013,S. Raemaekers; G. F. Nane; A. van Deursen; J. Visser,"Testing principles, current practices, and effects of change localization",10.1109/MSR.2013.6624037,https://ieeexplore.ieee.org/stamp/stamp.jsp?arnumber=6624037,Yes,Yes,No,[source_code],-,[encapsulation_design_principle][localize_changes],[modifiability][new_requirements],[exploraroty],[architectural_analysis][architectural_evaluation],[project_structure_extraction][statistical_analysis],[encapsulation_measurements],,,,,,,,,,,,,,,,,,
504,2012 9th IEEE Working Conference on [::Mining::] [::Software::] [::Repositories::] (MSR),2012,W. Hu; D. Han; A. Hindle; K. Wong,The build dependency perspective of Android's concrete architecture,10.1109/MSR.2012.6224270,https://ieeexplore.ieee.org/stamp/stamp.jsp?arnumber=6224270,Yes,Yes,No,[build_traces],-,[layered_architecture][dependencies],[conformance],[evaluation],[architectural_analysis][architectural_evaluation],[model_analysis],[dependency_graph],,,,,,,,,,,,,,,,,,
571,2009 6th IEEE International Working Conference on [::Mining::] [::Software::] [::Repositories::],2009,P. van de Laar,On the transfer of evolutionary couplings to industry,10.1109/MSR.2009.5069502,https://ieeexplore.ieee.org/stamp/stamp.jsp?arnumber=5069502,NO,Yes,No,-,-,[software_evolution][modules_coupling],[maintainability],-,-,-,-,,,,,,,,,,,,,,,,,,
,,,,,,,,,,,,,,,,,,,,,,,,,,,,,,,,,,,
,,,,,,,,,,,,,,,,,,,,,,,,,,,,,,,,,,,
,,,,,,,,,,,,,,,,,,,,,,,,,,,,,,,,,,,
,,,,,,,,,,,,,,,,,,,,,,,,,,,,,,,,,,,
,,,,,,,,,,,,,,,,,,,,,,,,,,,,,,,,,,,
,,,,,,,,,,,,,,,,,,,,,,,,,,,,,,,,,,,
,,,,,,,,,,,,,,,,,,,,,,,,,,,,,,,,,,,
,,,,,,,,,,,,,,,,,,,,,,,,,,,,,,,,,,,
,,,,,,,,,,,,,,,,,,,,,,,,,,,,,,,,,,,
,,,,,,,,,,,,,,,,,,,,,,,,,,,,,,,,,,,
,,,,,,,,,,,,,,,,,,,,,,,,,,,,,,,,,,,
,,,,,,,,,,,,,,,,,,,,,,,,,,,,,,,,,,,
,,,,,,,,,,,,,,,,,,,,,,,,,,,,,,,,,,,
,,,,,,,,,,,,,,,,,,,,,,,,,,,,,,,,,,,
,,,,,,,,,,,,,,,,,,,,,,,,,,,,,,,,,,,
,,,,,,,,,,,,,,,,,,,,,,,,,,,,,,,,,,,
,,,,,,,,,,,,,,,,,,,,,,,,,,,,,,,,,,,
,,,,,,,,,,,,,,,,,,,,,,,,,,,,,,,,,,,
,,,,,,,,,,,,,,,,,,,,,,,,,,,,,,,,,,,
,,,,,,,,,,,,,,,,,,,,,,,,,,,,,,,,,,,
,,,,,,,,,,,,,,,,,,,,,,,,,,,,,,,,,,,
,,,,,,,,,,,,,,,,,,,,,,,,,,,,,,,,,,,
,,,,,,,,,,,,,,,,,,,,,,,,,,,,,,,,,,,
,,,,,,,,,,,,,,,,,,,,,,,,,,,,,,,,,,,
,,,,,,,,,,,,,,,,,,,,,,,,,,,,,,,,,,,
,,,,,,,,,,,,,,,,,,,,,,,,,,,,,,,,,,,
,,,,,,,,,,,,,,,,,,,,,,,,,,,,,,,,,,,
,,,,,,,,,,,,,,,,,,,,,,,,,,,,,,,,,,,
,,,,,,,,,,,,,,,,,,,,,,,,,,,,,,,,,,,
,,,,,,,,,,,,,,,,,,,,,,,,,,,,,,,,,,,
,,,,,,,,,,,,,,,,,,,,,,,,,,,,,,,,,,,
,,,,,,,,,,,,,,,,,,,,,,,,,,,,,,,,,,,
,,,,,,,,,,,,,,,,,,,,,,,,,,,,,,,,,,,
,,,,,,,,,,,,,,,,,,,,,,,,,,,,,,,,,,,
,,,,,,,,,,,,,,,,,,,,,,,,,,,,,,,,,,,
,,,,,,,,,,,,,,,,,,,,,,,,,,,,,,,,,,,
,,,,,,,,,,,,,,,,,,,,,,,,,,,,,,,,,,,
,,,,,,,,,,,,,,,,,,,,,,,,,,,,,,,,,,,
,,,,,,,,,,,,,,,,,,,,,,,,,,,,,,,,,,,
,,,,,,,,,,,,,,,,,,,,,,,,,,,,,,,,,,,
,,,,,,,,,,,,,,,,,,,,,,,,,,,,,,,,,,,
,,,,,,,,,,,,,,,,,,,,,,,,,,,,,,,,,,,
,,,,,,,,,,,,,,,,,,,,,,,,,,,,,,,,,,,
,,,,,,,,,,,,,,,,,,,,,,,,,,,,,,,,,,,
,,,,,,,,,,,,,,,,,,,,,,,,,,,,,,,,,,,
,,,,,,,,,,,,,,,,,,,,,,,,,,,,,,,,,,,
,,,,,,,,,,,,,,,,,,,,,,,,,,,,,,,,,,,
,,,,,,,,,,,,,,,,,,,,,,,,,,,,,,,,,,,
,,,,,,,,,,,,,,,,,,,,,,,,,,,,,,,,,,,
,,,,,,,,,,,,,,,,,,,,,,,,,,,,,,,,,,,
,,,,,,,,,,,,,,,,,,,,,,,,,,,,,,,,,,,
,,,,,,,,,,,,,,,,,,,,,,,,,,,,,,,,,,,
,,,,,,,,,,,,,,,,,,,,,,,,,,,,,,,,,,,
,,,,,,,,,,,,,,,,,,,,,,,,,,,,,,,,,,,
,,,,,,,,,,,,,,,,,,,,,,,,,,,,,,,,,,,
,,,,,,,,,,,,,,,,,,,,,,,,,,,,,,,,,,,
,,,,,,,,,,,,,,,,,,,,,,,,,,,,,,,,,,,
,,,,,,,,,,,,,,,,,,,,,,,,,,,,,,,,,,,
,,,,,,,,,,,,,,,,,,,,,,,,,,,,,,,,,,,
,,,,,,,,,,,,,,,,,,,,,,,,,,,,,,,,,,,
,,,,,,,,,,,,,,,,,,,,,,,,,,,,,,,,,,,
,,,,,,,,,,,,,,,,,,,,,,,,,,,,,,,,,,,
,,,,,,,,,,,,,,,,,,,,,,,,,,,,,,,,,,,
,,,,,,,,,,,,,,,,,,,,,,,,,,,,,,,,,,,
,,,,,,,,,,,,,,,,,,,,,,,,,,,,,,,,,,,
,,,,,,,,,,,,,,,,,,,,,,,,,,,,,,,,,,,
,,,,,,,,,,,,,,,,,,,,,,,,,,,,,,,,,,,
,,,,,,,,,,,,,,,,,,,,,,,,,,,,,,,,,,,
,,,,,,,,,,,,,,,,,,,,,,,,,,,,,,,,,,,
,,,,,,,,,,,,,,,,,,,,,,,,,,,,,,,,,,,
,,,,,,,,,,,,,,,,,,,,,,,,,,,,,,,,,,,
,,,,,,,,,,,,,,,,,,,,,,,,,,,,,,,,,,,
,,,,,,,,,,,,,,,,,,,,,,,,,,,,,,,,,,,
,,,,,,,,,,,,,,,,,,,,,,,,,,,,,,,,,,,
,,,,,,,,,,,,,,,,,,,,,,,,,,,,,,,,,,,
,,,,,,,,,,,,,,,,,,,,,,,,,,,,,,,,,,,
,,,,,,,,,,,,,,,,,,,,,,,,,,,,,,,,,,,
,,,,,,,,,,,,,,,,,,,,,,,,,,,,,,,,,,,
,,,,,,,,,,,,,,,,,,,,,,,,,,,,,,,,,,,
,,,,,,,,,,,,,,,,,,,,,,,,,,,,,,,,,,,
,,,,,,,,,,,,,,,,,,,,,,,,,,,,,,,,,,,
,,,,,,,,,,,,,,,,,,,,,,,,,,,,,,,,,,,
,,,,,,,,,,,,,,,,,,,,,,,,,,,,,,,,,,,
,,,,,,,,,,,,,,,,,,,,,,,,,,,,,,,,,,,
,,,,,,,,,,,,,,,,,,,,,,,,,,,,,,,,,,,
,,,,,,,,,,,,,,,,,,,,,,,,,,,,,,,,,,,
,,,,,,,,,,,,,,,,,,,,,,,,,,,,,,,,,,,
,,,,,,,,,,,,,,,,,,,,,,,,,,,,,,,,,,,
,,,,,,,,,,,,,,,,,,,,,,,,,,,,,,,,,,,
,,,,,,,,,,,,,,,,,,,,,,,,,,,,,,,,,,,
,,,,,,,,,,,,,,,,,,,,,,,,,,,,,,,,,,,
,,,,,,,,,,,,,,,,,,,,,,,,,,,,,,,,,,,
,,,,,,,,,,,,,,,,,,,,,,,,,,,,,,,,,,,
,,,,,,,,,,,,,,,,,,,,,,,,,,,,,,,,,,,
,,,,,,,,,,,,,,,,,,,,,,,,,,,,,,,,,,,
,,,,,,,,,,,,,,,,,,,,,,,,,,,,,,,,,,,
,,,,,,,,,,,,,,,,,,,,,,,,,,,,,,,,,,,
,,,,,,,,,,,,,,,,,,,,,,,,,,,,,,,,,,,
,,,,,,,,,,,,,,,,,,,,,,,,,,,,,,,,,,,
,,,,,,,,,,,,,,,,,,,,,,,,,,,,,,,,,,,
,,,,,,,,,,,,,,,,,,,,,,,,,,,,,,,,,,,
,,,,,,,,,,,,,,,,,,,,,,,,,,,,,,,,,,,
,,,,,,,,,,,,,,,,,,,,,,,,,,,,,,,,,,,
,,,,,,,,,,,,,,,,,,,,,,,,,,,,,,,,,,,
,,,,,,,,,,,,,,,,,,,,,,,,,,,,,,,,,,,
,,,,,,,,,,,,,,,,,,,,,,,,,,,,,,,,,,,
,,,,,,,,,,,,,,,,,,,,,,,,,,,,,,,,,,,
,,,,,,,,,,,,,,,,,,,,,,,,,,,,,,,,,,,
,,,,,,,,,,,,,,,,,,,,,,,,,,,,,,,,,,,
,,,,,,,,,,,,,,,,,,,,,,,,,,,,,,,,,,,
,,,,,,,,,,,,,,,,,,,,,,,,,,,,,,,,,,,
,,,,,,,,,,,,,,,,,,,,,,,,,,,,,,,,,,,
,,,,,,,,,,,,,,,,,,,,,,,,,,,,,,,,,,,
,,,,,,,,,,,,,,,,,,,,,,,,,,,,,,,,,,,
,,,,,,,,,,,,,,,,,,,,,,,,,,,,,,,,,,,
,,,,,,,,,,,,,,,,,,,,,,,,,,,,,,,,,,,
,,,,,,,,,,,,,,,,,,,,,,,,,,,,,,,,,,,
,,,,,,,,,,,,,,,,,,,,,,,,,,,,,,,,,,,
,,,,,,,,,,,,,,,,,,,,,,,,,,,,,,,,,,,
,,,,,,,,,,,,,,,,,,,,,,,,,,,,,,,,,,,
,,,,,,,,,,,,,,,,,,,,,,,,,,,,,,,,,,,
,,,,,,,,,,,,,,,,,,,,,,,,,,,,,,,,,,,
,,,,,,,,,,,,,,,,,,,,,,,,,,,,,,,,,,,
,,,,,,,,,,,,,,,,,,,,,,,,,,,,,,,,,,,
,,,,,,,,,,,,,,,,,,,,,,,,,,,,,,,,,,,
,,,,,,,,,,,,,,,,,,,,,,,,,,,,,,,,,,,
,,,,,,,,,,,,,,,,,,,,,,,,,,,,,,,,,,,
,,,,,,,,,,,,,,,,,,,,,,,,,,,,,,,,,,,
,,,,,,,,,,,,,,,,,,,,,,,,,,,,,,,,,,,
,,,,,,,,,,,,,,,,,,,,,,,,,,,,,,,,,,,
,,,,,,,,,,,,,,,,,,,,,,,,,,,,,,,,,,,
,,,,,,,,,,,,,,,,,,,,,,,,,,,,,,,,,,,
,,,,,,,,,,,,,,,,,,,,,,,,,,,,,,,,,,,
,,,,,,,,,,,,,,,,,,,,,,,,,,,,,,,,,,,
,,,,,,,,,,,,,,,,,,,,,,,,,,,,,,,,,,,
,,,,,,,,,,,,,,,,,,,,,,,,,,,,,,,,,,,
,,,,,,,,,,,,,,,,,,,,,,,,,,,,,,,,,,,
,,,,,,,,,,,,,,,,,,,,,,,,,,,,,,,,,,,
,,,,,,,,,,,,,,,,,,,,,,,,,,,,,,,,,,,
,,,,,,,,,,,,,,,,,,,,,,,,,,,,,,,,,,,
,,,,,,,,,,,,,,,,,,,,,,,,,,,,,,,,,,,
,,,,,,,,,,,,,,,,,,,,,,,,,,,,,,,,,,,
,,,,,,,,,,,,,,,,,,,,,,,,,,,,,,,,,,,
,,,,,,,,,,,,,,,,,,,,,,,,,,,,,,,,,,,
,,,,,,,,,,,,,,,,,,,,,,,,,,,,,,,,,,,
,,,,,,,,,,,,,,,,,,,,,,,,,,,,,,,,,,,
,,,,,,,,,,,,,,,,,,,,,,,,,,,,,,,,,,,
,,,,,,,,,,,,,,,,,,,,,,,,,,,,,,,,,,,
,,,,,,,,,,,,,,,,,,,,,,,,,,,,,,,,,,,
,,,,,,,,,,,,,,,,,,,,,,,,,,,,,,,,,,,
,,,,,,,,,,,,,,,,,,,,,,,,,,,,,,,,,,,
,,,,,,,,,,,,,,,,,,,,,,,,,,,,,,,,,,,
,,,,,,,,,,,,,,,,,,,,,,,,,,,,,,,,,,,
,,,,,,,,,,,,,,,,,,,,,,,,,,,,,,,,,,,
,,,,,,,,,,,,,,,,,,,,,,,,,,,,,,,,,,,
,,,,,,,,,,,,,,,,,,,,,,,,,,,,,,,,,,,
,,,,,,,,,,,,,,,,,,,,,,,,,,,,,,,,,,,
,,,,,,,,,,,,,,,,,,,,,,,,,,,,,,,,,,,
,,,,,,,,,,,,,,,,,,,,,,,,,,,,,,,,,,,
,,,,,,,,,,,,,,,,,,,,,,,,,,,,,,,,,,,
,,,,,,,,,,,,,,,,,,,,,,,,,,,,,,,,,,,
,,,,,,,,,,,,,,,,,,,,,,,,,,,,,,,,,,,
,,,,,,,,,,,,,,,,,,,,,,,,,,,,,,,,,,,
,,,,,,,,,,,,,,,,,,,,,,,,,,,,,,,,,,,
,,,,,,,,,,,,,,,,,,,,,,,,,,,,,,,,,,,
,,,,,,,,,,,,,,,,,,,,,,,,,,,,,,,,,,,
,,,,,,,,,,,,,,,,,,,,,,,,,,,,,,,,,,,
,,,,,,,,,,,,,,,,,,,,,,,,,,,,,,,,,,,
,,,,,,,,,,,,,,,,,,,,,,,,,,,,,,,,,,,
,,,,,,,,,,,,,,,,,,,,,,,,,,,,,,,,,,,
,,,,,,,,,,,,,,,,,,,,,,,,,,,,,,,,,,,
,,,,,,,,,,,,,,,,,,,,,,,,,,,,,,,,,,,
,,,,,,,,,,,,,,,,,,,,,,,,,,,,,,,,,,,
,,,,,,,,,,,,,,,,,,,,,,,,,,,,,,,,,,,
,,,,,,,,,,,,,,,,,,,,,,,,,,,,,,,,,,,
,,,,,,,,,,,,,,,,,,,,,,,,,,,,,,,,,,,
,,,,,,,,,,,,,,,,,,,,,,,,,,,,,,,,,,,
,,,,,,,,,,,,,,,,,,,,,,,,,,,,,,,,,,,
,,,,,,,,,,,,,,,,,,,,,,,,,,,,,,,,,,,
,,,,,,,,,,,,,,,,,,,,,,,,,,,,,,,,,,,
,,,,,,,,,,,,,,,,,,,,,,,,,,,,,,,,,,,
,,,,,,,,,,,,,,,,,,,,,,,,,,,,,,,,,,,
,,,,,,,,,,,,,,,,,,,,,,,,,,,,,,,,,,,
,,,,,,,,,,,,,,,,,,,,,,,,,,,,,,,,,,,
,,,,,,,,,,,,,,,,,,,,,,,,,,,,,,,,,,,
,,,,,,,,,,,,,,,,,,,,,,,,,,,,,,,,,,,
,,,,,,,,,,,,,,,,,,,,,,,,,,,,,,,,,,,
,,,,,,,,,,,,,,,,,,,,,,,,,,,,,,,,,,,
,,,,,,,,,,,,,,,,,,,,,,,,,,,,,,,,,,,
,,,,,,,,,,,,,,,,,,,,,,,,,,,,,,,,,,,
,,,,,,,,,,,,,,,,,,,,,,,,,,,,,,,,,,,
,,,,,,,,,,,,,,,,,,,,,,,,,,,,,,,,,,,
,,,,,,,,,,,,,,,,,,,,,,,,,,,,,,,,,,,
,,,,,,,,,,,,,,,,,,,,,,,,,,,,,,,,,,,
,,,,,,,,,,,,,,,,,,,,,,,,,,,,,,,,,,,
,,,,,,,,,,,,,,,,,,,,,,,,,,,,,,,,,,,
,,,,,,,,,,,,,,,,,,,,,,,,,,,,,,,,,,,
,,,,,,,,,,,,,,,,,,,,,,,,,,,,,,,,,,,
,,,,,,,,,,,,,,,,,,,,,,,,,,,,,,,,,,,
,,,,,,,,,,,,,,,,,,,,,,,,,,,,,,,,,,,
,,,,,,,,,,,,,,,,,,,,,,,,,,,,,,,,,,,
,,,,,,,,,,,,,,,,,,,,,,,,,,,,,,,,,,,
,,,,,,,,,,,,,,,,,,,,,,,,,,,,,,,,,,,
,,,,,,,,,,,,,,,,,,,,,,,,,,,,,,,,,,,
,,,,,,,,,,,,,,,,,,,,,,,,,,,,,,,,,,,
,,,,,,,,,,,,,,,,,,,,,,,,,,,,,,,,,,,
,,,,,,,,,,,,,,,,,,,,,,,,,,,,,,,,,,,
,,,,,,,,,,,,,,,,,,,,,,,,,,,,,,,,,,,
,,,,,,,,,,,,,,,,,,,,,,,,,,,,,,,,,,,
,,,,,,,,,,,,,,,,,,,,,,,,,,,,,,,,,,,
,,,,,,,,,,,,,,,,,,,,,,,,,,,,,,,,,,,
,,,,,,,,,,,,,,,,,,,,,,,,,,,,,,,,,,,
,,,,,,,,,,,,,,,,,,,,,,,,,,,,,,,,,,,
,,,,,,,,,,,,,,,,,,,,,,,,,,,,,,,,,,,
,,,,,,,,,,,,,,,,,,,,,,,,,,,,,,,,,,,
,,,,,,,,,,,,,,,,,,,,,,,,,,,,,,,,,,,
,,,,,,,,,,,,,,,,,,,,,,,,,,,,,,,,,,,
,,,,,,,,,,,,,,,,,,,,,,,,,,,,,,,,,,,
,,,,,,,,,,,,,,,,,,,,,,,,,,,,,,,,,,,
,,,,,,,,,,,,,,,,,,,,,,,,,,,,,,,,,,,
,,,,,,,,,,,,,,,,,,,,,,,,,,,,,,,,,,,
,,,,,,,,,,,,,,,,,,,,,,,,,,,,,,,,,,,
,,,,,,,,,,,,,,,,,,,,,,,,,,,,,,,,,,,
,,,,,,,,,,,,,,,,,,,,,,,,,,,,,,,,,,,
,,,,,,,,,,,,,,,,,,,,,,,,,,,,,,,,,,,
,,,,,,,,,,,,,,,,,,,,,,,,,,,,,,,,,,,
,,,,,,,,,,,,,,,,,,,,,,,,,,,,,,,,,,,
,,,,,,,,,,,,,,,,,,,,,,,,,,,,,,,,,,,
,,,,,,,,,,,,,,,,,,,,,,,,,,,,,,,,,,,
,,,,,,,,,,,,,,,,,,,,,,,,,,,,,,,,,,,
,,,,,,,,,,,,,,,,,,,,,,,,,,,,,,,,,,,
,,,,,,,,,,,,,,,,,,,,,,,,,,,,,,,,,,,
,,,,,,,,,,,,,,,,,,,,,,,,,,,,,,,,,,,
,,,,,,,,,,,,,,,,,,,,,,,,,,,,,,,,,,,
,,,,,,,,,,,,,,,,,,,,,,,,,,,,,,,,,,,
,,,,,,,,,,,,,,,,,,,,,,,,,,,,,,,,,,,
,,,,,,,,,,,,,,,,,,,,,,,,,,,,,,,,,,,
,,,,,,,,,,,,,,,,,,,,,,,,,,,,,,,,,,,
,,,,,,,,,,,,,,,,,,,,,,,,,,,,,,,,,,,
,,,,,,,,,,,,,,,,,,,,,,,,,,,,,,,,,,,
,,,,,,,,,,,,,,,,,,,,,,,,,,,,,,,,,,,
,,,,,,,,,,,,,,,,,,,,,,,,,,,,,,,,,,,
,,,,,,,,,,,,,,,,,,,,,,,,,,,,,,,,,,,
,,,,,,,,,,,,,,,,,,,,,,,,,,,,,,,,,,,
,,,,,,,,,,,,,,,,,,,,,,,,,,,,,,,,,,,
,,,,,,,,,,,,,,,,,,,,,,,,,,,,,,,,,,,
,,,,,,,,,,,,,,,,,,,,,,,,,,,,,,,,,,,
,,,,,,,,,,,,,,,,,,,,,,,,,,,,,,,,,,,
,,,,,,,,,,,,,,,,,,,,,,,,,,,,,,,,,,,
,,,,,,,,,,,,,,,,,,,,,,,,,,,,,,,,,,,
,,,,,,,,,,,,,,,,,,,,,,,,,,,,,,,,,,,
,,,,,,,,,,,,,,,,,,,,,,,,,,,,,,,,,,,
,,,,,,,,,,,,,,,,,,,,,,,,,,,,,,,,,,,
,,,,,,,,,,,,,,,,,,,,,,,,,,,,,,,,,,,
,,,,,,,,,,,,,,,,,,,,,,,,,,,,,,,,,,,
,,,,,,,,,,,,,,,,,,,,,,,,,,,,,,,,,,,
,,,,,,,,,,,,,,,,,,,,,,,,,,,,,,,,,,,
,,,,,,,,,,,,,,,,,,,,,,,,,,,,,,,,,,,
,,,,,,,,,,,,,,,,,,,,,,,,,,,,,,,,,,,
,,,,,,,,,,,,,,,,,,,,,,,,,,,,,,,,,,,
,,,,,,,,,,,,,,,,,,,,,,,,,,,,,,,,,,,
,,,,,,,,,,,,,,,,,,,,,,,,,,,,,,,,,,,
,,,,,,,,,,,,,,,,,,,,,,,,,,,,,,,,,,,
,,,,,,,,,,,,,,,,,,,,,,,,,,,,,,,,,,,
,,,,,,,,,,,,,,,,,,,,,,,,,,,,,,,,,,,
,,,,,,,,,,,,,,,,,,,,,,,,,,,,,,,,,,,
,,,,,,,,,,,,,,,,,,,,,,,,,,,,,,,,,,,
,,,,,,,,,,,,,,,,,,,,,,,,,,,,,,,,,,,
,,,,,,,,,,,,,,,,,,,,,,,,,,,,,,,,,,,
,,,,,,,,,,,,,,,,,,,,,,,,,,,,,,,,,,,
,,,,,,,,,,,,,,,,,,,,,,,,,,,,,,,,,,,
,,,,,,,,,,,,,,,,,,,,,,,,,,,,,,,,,,,
,,,,,,,,,,,,,,,,,,,,,,,,,,,,,,,,,,,
,,,,,,,,,,,,,,,,,,,,,,,,,,,,,,,,,,,
,,,,,,,,,,,,,,,,,,,,,,,,,,,,,,,,,,,
,,,,,,,,,,,,,,,,,,,,,,,,,,,,,,,,,,,
,,,,,,,,,,,,,,,,,,,,,,,,,,,,,,,,,,,
,,,,,,,,,,,,,,,,,,,,,,,,,,,,,,,,,,,
,,,,,,,,,,,,,,,,,,,,,,,,,,,,,,,,,,,
,,,,,,,,,,,,,,,,,,,,,,,,,,,,,,,,,,,
,,,,,,,,,,,,,,,,,,,,,,,,,,,,,,,,,,,
,,,,,,,,,,,,,,,,,,,,,,,,,,,,,,,,,,,
,,,,,,,,,,,,,,,,,,,,,,,,,,,,,,,,,,,
,,,,,,,,,,,,,,,,,,,,,,,,,,,,,,,,,,,
,,,,,,,,,,,,,,,,,,,,,,,,,,,,,,,,,,,
,,,,,,,,,,,,,,,,,,,,,,,,,,,,,,,,,,,
,,,,,,,,,,,,,,,,,,,,,,,,,,,,,,,,,,,
,,,,,,,,,,,,,,,,,,,,,,,,,,,,,,,,,,,
,,,,,,,,,,,,,,,,,,,,,,,,,,,,,,,,,,,
,,,,,,,,,,,,,,,,,,,,,,,,,,,,,,,,,,,
,,,,,,,,,,,,,,,,,,,,,,,,,,,,,,,,,,,
,,,,,,,,,,,,,,,,,,,,,,,,,,,,,,,,,,,
,,,,,,,,,,,,,,,,,,,,,,,,,,,,,,,,,,,
,,,,,,,,,,,,,,,,,,,,,,,,,,,,,,,,,,,
,,,,,,,,,,,,,,,,,,,,,,,,,,,,,,,,,,,
,,,,,,,,,,,,,,,,,,,,,,,,,,,,,,,,,,,
,,,,,,,,,,,,,,,,,,,,,,,,,,,,,,,,,,,
,,,,,,,,,,,,,,,,,,,,,,,,,,,,,,,,,,,
,,,,,,,,,,,,,,,,,,,,,,,,,,,,,,,,,,,
,,,,,,,,,,,,,,,,,,,,,,,,,,,,,,,,,,,
,,,,,,,,,,,,,,,,,,,,,,,,,,,,,,,,,,,
,,,,,,,,,,,,,,,,,,,,,,,,,,,,,,,,,,,
,,,,,,,,,,,,,,,,,,,,,,,,,,,,,,,,,,,
,,,,,,,,,,,,,,,,,,,,,,,,,,,,,,,,,,,
,,,,,,,,,,,,,,,,,,,,,,,,,,,,,,,,,,,
,,,,,,,,,,,,,,,,,,,,,,,,,,,,,,,,,,,
,,,,,,,,,,,,,,,,,,,,,,,,,,,,,,,,,,,
,,,,,,,,,,,,,,,,,,,,,,,,,,,,,,,,,,,
,,,,,,,,,,,,,,,,,,,,,,,,,,,,,,,,,,,
,,,,,,,,,,,,,,,,,,,,,,,,,,,,,,,,,,,
,,,,,,,,,,,,,,,,,,,,,,,,,,,,,,,,,,,
,,,,,,,,,,,,,,,,,,,,,,,,,,,,,,,,,,,
,,,,,,,,,,,,,,,,,,,,,,,,,,,,,,,,,,,
,,,,,,,,,,,,,,,,,,,,,,,,,,,,,,,,,,,
,,,,,,,,,,,,,,,,,,,,,,,,,,,,,,,,,,,
,,,,,,,,,,,,,,,,,,,,,,,,,,,,,,,,,,,
,,,,,,,,,,,,,,,,,,,,,,,,,,,,,,,,,,,
,,,,,,,,,,,,,,,,,,,,,,,,,,,,,,,,,,,
,,,,,,,,,,,,,,,,,,,,,,,,,,,,,,,,,,,
,,,,,,,,,,,,,,,,,,,,,,,,,,,,,,,,,,,
,,,,,,,,,,,,,,,,,,,,,,,,,,,,,,,,,,,
,,,,,,,,,,,,,,,,,,,,,,,,,,,,,,,,,,,
,,,,,,,,,,,,,,,,,,,,,,,,,,,,,,,,,,,
,,,,,,,,,,,,,,,,,,,,,,,,,,,,,,,,,,,
,,,,,,,,,,,,,,,,,,,,,,,,,,,,,,,,,,,
,,,,,,,,,,,,,,,,,,,,,,,,,,,,,,,,,,,
,,,,,,,,,,,,,,,,,,,,,,,,,,,,,,,,,,,
,,,,,,,,,,,,,,,,,,,,,,,,,,,,,,,,,,,
,,,,,,,,,,,,,,,,,,,,,,,,,,,,,,,,,,,
,,,,,,,,,,,,,,,,,,,,,,,,,,,,,,,,,,,
,,,,,,,,,,,,,,,,,,,,,,,,,,,,,,,,,,,
,,,,,,,,,,,,,,,,,,,,,,,,,,,,,,,,,,,
,,,,,,,,,,,,,,,,,,,,,,,,,,,,,,,,,,,
,,,,,,,,,,,,,,,,,,,,,,,,,,,,,,,,,,,
,,,,,,,,,,,,,,,,,,,,,,,,,,,,,,,,,,,
,,,,,,,,,,,,,,,,,,,,,,,,,,,,,,,,,,,
,,,,,,,,,,,,,,,,,,,,,,,,,,,,,,,,,,,
,,,,,,,,,,,,,,,,,,,,,,,,,,,,,,,,,,,
,,,,,,,,,,,,,,,,,,,,,,,,,,,,,,,,,,,
,,,,,,,,,,,,,,,,,,,,,,,,,,,,,,,,,,,
,,,,,,,,,,,,,,,,,,,,,,,,,,,,,,,,,,,
,,,,,,,,,,,,,,,,,,,,,,,,,,,,,,,,,,,
,,,,,,,,,,,,,,,,,,,,,,,,,,,,,,,,,,,
,,,,,,,,,,,,,,,,,,,,,,,,,,,,,,,,,,,
,,,,,,,,,,,,,,,,,,,,,,,,,,,,,,,,,,,
,,,,,,,,,,,,,,,,,,,,,,,,,,,,,,,,,,,
,,,,,,,,,,,,,,,,,,,,,,,,,,,,,,,,,,,
,,,,,,,,,,,,,,,,,,,,,,,,,,,,,,,,,,,
,,,,,,,,,,,,,,,,,,,,,,,,,,,,,,,,,,,
,,,,,,,,,,,,,,,,,,,,,,,,,,,,,,,,,,,
,,,,,,,,,,,,,,,,,,,,,,,,,,,,,,,,,,,
,,,,,,,,,,,,,,,,,,,,,,,,,,,,,,,,,,,
,,,,,,,,,,,,,,,,,,,,,,,,,,,,,,,,,,,
,,,,,,,,,,,,,,,,,,,,,,,,,,,,,,,,,,,
,,,,,,,,,,,,,,,,,,,,,,,,,,,,,,,,,,,
,,,,,,,,,,,,,,,,,,,,,,,,,,,,,,,,,,,
,,,,,,,,,,,,,,,,,,,,,,,,,,,,,,,,,,,
,,,,,,,,,,,,,,,,,,,,,,,,,,,,,,,,,,,
,,,,,,,,,,,,,,,,,,,,,,,,,,,,,,,,,,,
,,,,,,,,,,,,,,,,,,,,,,,,,,,,,,,,,,,
,,,,,,,,,,,,,,,,,,,,,,,,,,,,,,,,,,,
,,,,,,,,,,,,,,,,,,,,,,,,,,,,,,,,,,,
,,,,,,,,,,,,,,,,,,,,,,,,,,,,,,,,,,,
,,,,,,,,,,,,,,,,,,,,,,,,,,,,,,,,,,,
,,,,,,,,,,,,,,,,,,,,,,,,,,,,,,,,,,,
,,,,,,,,,,,,,,,,,,,,,,,,,,,,,,,,,,,
,,,,,,,,,,,,,,,,,,,,,,,,,,,,,,,,,,,
,,,,,,,,,,,,,,,,,,,,,,,,,,,,,,,,,,,
,,,,,,,,,,,,,,,,,,,,,,,,,,,,,,,,,,,
,,,,,,,,,,,,,,,,,,,,,,,,,,,,,,,,,,,
,,,,,,,,,,,,,,,,,,,,,,,,,,,,,,,,,,,
,,,,,,,,,,,,,,,,,,,,,,,,,,,,,,,,,,,
,,,,,,,,,,,,,,,,,,,,,,,,,,,,,,,,,,,
,,,,,,,,,,,,,,,,,,,,,,,,,,,,,,,,,,,
,,,,,,,,,,,,,,,,,,,,,,,,,,,,,,,,,,,
,,,,,,,,,,,,,,,,,,,,,,,,,,,,,,,,,,,
,,,,,,,,,,,,,,,,,,,,,,,,,,,,,,,,,,,
,,,,,,,,,,,,,,,,,,,,,,,,,,,,,,,,,,,
,,,,,,,,,,,,,,,,,,,,,,,,,,,,,,,,,,,
,,,,,,,,,,,,,,,,,,,,,,,,,,,,,,,,,,,
,,,,,,,,,,,,,,,,,,,,,,,,,,,,,,,,,,,
,,,,,,,,,,,,,,,,,,,,,,,,,,,,,,,,,,,
,,,,,,,,,,,,,,,,,,,,,,,,,,,,,,,,,,,
,,,,,,,,,,,,,,,,,,,,,,,,,,,,,,,,,,,
,,,,,,,,,,,,,,,,,,,,,,,,,,,,,,,,,,,
,,,,,,,,,,,,,,,,,,,,,,,,,,,,,,,,,,,
,,,,,,,,,,,,,,,,,,,,,,,,,,,,,,,,,,,
,,,,,,,,,,,,,,,,,,,,,,,,,,,,,,,,,,,
,,,,,,,,,,,,,,,,,,,,,,,,,,,,,,,,,,,
,,,,,,,,,,,,,,,,,,,,,,,,,,,,,,,,,,,
,,,,,,,,,,,,,,,,,,,,,,,,,,,,,,,,,,,
,,,,,,,,,,,,,,,,,,,,,,,,,,,,,,,,,,,
,,,,,,,,,,,,,,,,,,,,,,,,,,,,,,,,,,,
,,,,,,,,,,,,,,,,,,,,,,,,,,,,,,,,,,,
,,,,,,,,,,,,,,,,,,,,,,,,,,,,,,,,,,,
,,,,,,,,,,,,,,,,,,,,,,,,,,,,,,,,,,,
,,,,,,,,,,,,,,,,,,,,,,,,,,,,,,,,,,,
,,,,,,,,,,,,,,,,,,,,,,,,,,,,,,,,,,,
,,,,,,,,,,,,,,,,,,,,,,,,,,,,,,,,,,,
,,,,,,,,,,,,,,,,,,,,,,,,,,,,,,,,,,,
,,,,,,,,,,,,,,,,,,,,,,,,,,,,,,,,,,,
,,,,,,,,,,,,,,,,,,,,,,,,,,,,,,,,,,,
,,,,,,,,,,,,,,,,,,,,,,,,,,,,,,,,,,,
,,,,,,,,,,,,,,,,,,,,,,,,,,,,,,,,,,,
,,,,,,,,,,,,,,,,,,,,,,,,,,,,,,,,,,,
,,,,,,,,,,,,,,,,,,,,,,,,,,,,,,,,,,,
,,,,,,,,,,,,,,,,,,,,,,,,,,,,,,,,,,,
,,,,,,,,,,,,,,,,,,,,,,,,,,,,,,,,,,,
,,,,,,,,,,,,,,,,,,,,,,,,,,,,,,,,,,,
,,,,,,,,,,,,,,,,,,,,,,,,,,,,,,,,,,,
,,,,,,,,,,,,,,,,,,,,,,,,,,,,,,,,,,,
,,,,,,,,,,,,,,,,,,,,,,,,,,,,,,,,,,,
,,,,,,,,,,,,,,,,,,,,,,,,,,,,,,,,,,,
,,,,,,,,,,,,,,,,,,,,,,,,,,,,,,,,,,,
,,,,,,,,,,,,,,,,,,,,,,,,,,,,,,,,,,,
,,,,,,,,,,,,,,,,,,,,,,,,,,,,,,,,,,,
,,,,,,,,,,,,,,,,,,,,,,,,,,,,,,,,,,,
,,,,,,,,,,,,,,,,,,,,,,,,,,,,,,,,,,,
,,,,,,,,,,,,,,,,,,,,,,,,,,,,,,,,,,,
,,,,,,,,,,,,,,,,,,,,,,,,,,,,,,,,,,,
,,,,,,,,,,,,,,,,,,,,,,,,,,,,,,,,,,,
,,,,,,,,,,,,,,,,,,,,,,,,,,,,,,,,,,,
,,,,,,,,,,,,,,,,,,,,,,,,,,,,,,,,,,,
,,,,,,,,,,,,,,,,,,,,,,,,,,,,,,,,,,,
,,,,,,,,,,,,,,,,,,,,,,,,,,,,,,,,,,,
,,,,,,,,,,,,,,,,,,,,,,,,,,,,,,,,,,,
,,,,,,,,,,,,,,,,,,,,,,,,,,,,,,,,,,,
,,,,,,,,,,,,,,,,,,,,,,,,,,,,,,,,,,,
,,,,,,,,,,,,,,,,,,,,,,,,,,,,,,,,,,,
,,,,,,,,,,,,,,,,,,,,,,,,,,,,,,,,,,,
,,,,,,,,,,,,,,,,,,,,,,,,,,,,,,,,,,,
,,,,,,,,,,,,,,,,,,,,,,,,,,,,,,,,,,,
,,,,,,,,,,,,,,,,,,,,,,,,,,,,,,,,,,,
,,,,,,,,,,,,,,,,,,,,,,,,,,,,,,,,,,,
,,,,,,,,,,,,,,,,,,,,,,,,,,,,,,,,,,,
,,,,,,,,,,,,,,,,,,,,,,,,,,,,,,,,,,,
,,,,,,,,,,,,,,,,,,,,,,,,,,,,,,,,,,,
,,,,,,,,,,,,,,,,,,,,,,,,,,,,,,,,,,,
,,,,,,,,,,,,,,,,,,,,,,,,,,,,,,,,,,,
,,,,,,,,,,,,,,,,,,,,,,,,,,,,,,,,,,,
,,,,,,,,,,,,,,,,,,,,,,,,,,,,,,,,,,,
,,,,,,,,,,,,,,,,,,,,,,,,,,,,,,,,,,,
,,,,,,,,,,,,,,,,,,,,,,,,,,,,,,,,,,,
,,,,,,,,,,,,,,,,,,,,,,,,,,,,,,,,,,,
,,,,,,,,,,,,,,,,,,,,,,,,,,,,,,,,,,,
,,,,,,,,,,,,,,,,,,,,,,,,,,,,,,,,,,,
,,,,,,,,,,,,,,,,,,,,,,,,,,,,,,,,,,,
,,,,,,,,,,,,,,,,,,,,,,,,,,,,,,,,,,,
,,,,,,,,,,,,,,,,,,,,,,,,,,,,,,,,,,,
,,,,,,,,,,,,,,,,,,,,,,,,,,,,,,,,,,,
,,,,,,,,,,,,,,,,,,,,,,,,,,,,,,,,,,,
,,,,,,,,,,,,,,,,,,,,,,,,,,,,,,,,,,,
,,,,,,,,,,,,,,,,,,,,,,,,,,,,,,,,,,,
,,,,,,,,,,,,,,,,,,,,,,,,,,,,,,,,,,,
,,,,,,,,,,,,,,,,,,,,,,,,,,,,,,,,,,,
,,,,,,,,,,,,,,,,,,,,,,,,,,,,,,,,,,,
,,,,,,,,,,,,,,,,,,,,,,,,,,,,,,,,,,,
,,,,,,,,,,,,,,,,,,,,,,,,,,,,,,,,,,,
,,,,,,,,,,,,,,,,,,,,,,,,,,,,,,,,,,,
,,,,,,,,,,,,,,,,,,,,,,,,,,,,,,,,,,,
,,,,,,,,,,,,,,,,,,,,,,,,,,,,,,,,,,,
,,,,,,,,,,,,,,,,,,,,,,,,,,,,,,,,,,,
,,,,,,,,,,,,,,,,,,,,,,,,,,,,,,,,,,,
,,,,,,,,,,,,,,,,,,,,,,,,,,,,,,,,,,,
,,,,,,,,,,,,,,,,,,,,,,,,,,,,,,,,,,,
,,,,,,,,,,,,,,,,,,,,,,,,,,,,,,,,,,,
,,,,,,,,,,,,,,,,,,,,,,,,,,,,,,,,,,,
,,,,,,,,,,,,,,,,,,,,,,,,,,,,,,,,,,,
,,,,,,,,,,,,,,,,,,,,,,,,,,,,,,,,,,,
,,,,,,,,,,,,,,,,,,,,,,,,,,,,,,,,,,,
,,,,,,,,,,,,,,,,,,,,,,,,,,,,,,,,,,,
,,,,,,,,,,,,,,,,,,,,,,,,,,,,,,,,,,,
,,,,,,,,,,,,,,,,,,,,,,,,,,,,,,,,,,,
,,,,,,,,,,,,,,,,,,,,,,,,,,,,,,,,,,,
,,,,,,,,,,,,,,,,,,,,,,,,,,,,,,,,,,,
,,,,,,,,,,,,,,,,,,,,,,,,,,,,,,,,,,,
,,,,,,,,,,,,,,,,,,,,,,,,,,,,,,,,,,,
,,,,,,,,,,,,,,,,,,,,,,,,,,,,,,,,,,,
,,,,,,,,,,,,,,,,,,,,,,,,,,,,,,,,,,,
,,,,,,,,,,,,,,,,,,,,,,,,,,,,,,,,,,,
,,,,,,,,,,,,,,,,,,,,,,,,,,,,,,,,,,,
,,,,,,,,,,,,,,,,,,,,,,,,,,,,,,,,,,,
,,,,,,,,,,,,,,,,,,,,,,,,,,,,,,,,,,,
,,,,,,,,,,,,,,,,,,,,,,,,,,,,,,,,,,,
,,,,,,,,,,,,,,,,,,,,,,,,,,,,,,,,,,,
,,,,,,,,,,,,,,,,,,,,,,,,,,,,,,,,,,,
,,,,,,,,,,,,,,,,,,,,,,,,,,,,,,,,,,,
,,,,,,,,,,,,,,,,,,,,,,,,,,,,,,,,,,,
,,,,,,,,,,,,,,,,,,,,,,,,,,,,,,,,,,,
,,,,,,,,,,,,,,,,,,,,,,,,,,,,,,,,,,,
,,,,,,,,,,,,,,,,,,,,,,,,,,,,,,,,,,,
,,,,,,,,,,,,,,,,,,,,,,,,,,,,,,,,,,,
,,,,,,,,,,,,,,,,,,,,,,,,,,,,,,,,,,,
,,,,,,,,,,,,,,,,,,,,,,,,,,,,,,,,,,,
,,,,,,,,,,,,,,,,,,,,,,,,,,,,,,,,,,,
,,,,,,,,,,,,,,,,,,,,,,,,,,,,,,,,,,,
,,,,,,,,,,,,,,,,,,,,,,,,,,,,,,,,,,,
,,,,,,,,,,,,,,,,,,,,,,,,,,,,,,,,,,,
,,,,,,,,,,,,,,,,,,,,,,,,,,,,,,,,,,,
,,,,,,,,,,,,,,,,,,,,,,,,,,,,,,,,,,,
,,,,,,,,,,,,,,,,,,,,,,,,,,,,,,,,,,,
,,,,,,,,,,,,,,,,,,,,,,,,,,,,,,,,,,,
,,,,,,,,,,,,,,,,,,,,,,,,,,,,,,,,,,,
,,,,,,,,,,,,,,,,,,,,,,,,,,,,,,,,,,,
,,,,,,,,,,,,,,,,,,,,,,,,,,,,,,,,,,,
,,,,,,,,,,,,,,,,,,,,,,,,,,,,,,,,,,,
,,,,,,,,,,,,,,,,,,,,,,,,,,,,,,,,,,,
,,,,,,,,,,,,,,,,,,,,,,,,,,,,,,,,,,,
,,,,,,,,,,,,,,,,,,,,,,,,,,,,,,,,,,,
,,,,,,,,,,,,,,,,,,,,,,,,,,,,,,,,,,,
,,,,,,,,,,,,,,,,,,,,,,,,,,,,,,,,,,,
,,,,,,,,,,,,,,,,,,,,,,,,,,,,,,,,,,,
,,,,,,,,,,,,,,,,,,,,,,,,,,,,,,,,,,,
,,,,,,,,,,,,,,,,,,,,,,,,,,,,,,,,,,,
,,,,,,,,,,,,,,,,,,,,,,,,,,,,,,,,,,,
,,,,,,,,,,,,,,,,,,,,,,,,,,,,,,,,,,,
,,,,,,,,,,,,,,,,,,,,,,,,,,,,,,,,,,,
,,,,,,,,,,,,,,,,,,,,,,,,,,,,,,,,,,,
,,,,,,,,,,,,,,,,,,,,,,,,,,,,,,,,,,,
,,,,,,,,,,,,,,,,,,,,,,,,,,,,,,,,,,,
,,,,,,,,,,,,,,,,,,,,,,,,,,,,,,,,,,,
,,,,,,,,,,,,,,,,,,,,,,,,,,,,,,,,,,,
,,,,,,,,,,,,,,,,,,,,,,,,,,,,,,,,,,,
,,,,,,,,,,,,,,,,,,,,,,,,,,,,,,,,,,,
,,,,,,,,,,,,,,,,,,,,,,,,,,,,,,,,,,,
,,,,,,,,,,,,,,,,,,,,,,,,,,,,,,,,,,,
,,,,,,,,,,,,,,,,,,,,,,,,,,,,,,,,,,,
,,,,,,,,,,,,,,,,,,,,,,,,,,,,,,,,,,,
,,,,,,,,,,,,,,,,,,,,,,,,,,,,,,,,,,,
,,,,,,,,,,,,,,,,,,,,,,,,,,,,,,,,,,,
,,,,,,,,,,,,,,,,,,,,,,,,,,,,,,,,,,,
,,,,,,,,,,,,,,,,,,,,,,,,,,,,,,,,,,,
,,,,,,,,,,,,,,,,,,,,,,,,,,,,,,,,,,,
,,,,,,,,,,,,,,,,,,,,,,,,,,,,,,,,,,,
,,,,,,,,,,,,,,,,,,,,,,,,,,,,,,,,,,,
,,,,,,,,,,,,,,,,,,,,,,,,,,,,,,,,,,,
,,,,,,,,,,,,,,,,,,,,,,,,,,,,,,,,,,,
,,,,,,,,,,,,,,,,,,,,,,,,,,,,,,,,,,,
,,,,,,,,,,,,,,,,,,,,,,,,,,,,,,,,,,,
,,,,,,,,,,,,,,,,,,,,,,,,,,,,,,,,,,,
,,,,,,,,,,,,,,,,,,,,,,,,,,,,,,,,,,,
,,,,,,,,,,,,,,,,,,,,,,,,,,,,,,,,,,,
,,,,,,,,,,,,,,,,,,,,,,,,,,,,,,,,,,,
,,,,,,,,,,,,,,,,,,,,,,,,,,,,,,,,,,,
,,,,,,,,,,,,,,,,,,,,,,,,,,,,,,,,,,,
,,,,,,,,,,,,,,,,,,,,,,,,,,,,,,,,,,,
,,,,,,,,,,,,,,,,,,,,,,,,,,,,,,,,,,,
,,,,,,,,,,,,,,,,,,,,,,,,,,,,,,,,,,,
,,,,,,,,,,,,,,,,,,,,,,,,,,,,,,,,,,,
,,,,,,,,,,,,,,,,,,,,,,,,,,,,,,,,,,,
,,,,,,,,,,,,,,,,,,,,,,,,,,,,,,,,,,,
,,,,,,,,,,,,,,,,,,,,,,,,,,,,,,,,,,,
,,,,,,,,,,,,,,,,,,,,,,,,,,,,,,,,,,,
,,,,,,,,,,,,,,,,,,,,,,,,,,,,,,,,,,,
,,,,,,,,,,,,,,,,,,,,,,,,,,,,,,,,,,,
,,,,,,,,,,,,,,,,,,,,,,,,,,,,,,,,,,,
,,,,,,,,,,,,,,,,,,,,,,,,,,,,,,,,,,,
,,,,,,,,,,,,,,,,,,,,,,,,,,,,,,,,,,,
,,,,,,,,,,,,,,,,,,,,,,,,,,,,,,,,,,,
,,,,,,,,,,,,,,,,,,,,,,,,,,,,,,,,,,,
,,,,,,,,,,,,,,,,,,,,,,,,,,,,,,,,,,,
,,,,,,,,,,,,,,,,,,,,,,,,,,,,,,,,,,,
,,,,,,,,,,,,,,,,,,,,,,,,,,,,,,,,,,,
,,,,,,,,,,,,,,,,,,,,,,,,,,,,,,,,,,,
,,,,,,,,,,,,,,,,,,,,,,,,,,,,,,,,,,,
,,,,,,,,,,,,,,,,,,,,,,,,,,,,,,,,,,,
,,,,,,,,,,,,,,,,,,,,,,,,,,,,,,,,,,,
,,,,,,,,,,,,,,,,,,,,,,,,,,,,,,,,,,,
,,,,,,,,,,,,,,,,,,,,,,,,,,,,,,,,,,,
,,,,,,,,,,,,,,,,,,,,,,,,,,,,,,,,,,,
,,,,,,,,,,,,,,,,,,,,,,,,,,,,,,,,,,,
,,,,,,,,,,,,,,,,,,,,,,,,,,,,,,,,,,,
,,,,,,,,,,,,,,,,,,,,,,,,,,,,,,,,,,,
,,,,,,,,,,,,,,,,,,,,,,,,,,,,,,,,,,,
,,,,,,,,,,,,,,,,,,,,,,,,,,,,,,,,,,,
,,,,,,,,,,,,,,,,,,,,,,,,,,,,,,,,,,,
,,,,,,,,,,,,,,,,,,,,,,,,,,,,,,,,,,,
,,,,,,,,,,,,,,,,,,,,,,,,,,,,,,,,,,,
,,,,,,,,,,,,,,,,,,,,,,,,,,,,,,,,,,,
,,,,,,,,,,,,,,,,,,,,,,,,,,,,,,,,,,,
,,,,,,,,,,,,,,,,,,,,,,,,,,,,,,,,,,,
,,,,,,,,,,,,,,,,,,,,,,,,,,,,,,,,,,,
,,,,,,,,,,,,,,,,,,,,,,,,,,,,,,,,,,,
,,,,,,,,,,,,,,,,,,,,,,,,,,,,,,,,,,,
,,,,,,,,,,,,,,,,,,,,,,,,,,,,,,,,,,,
,,,,,,,,,,,,,,,,,,,,,,,,,,,,,,,,,,,
,,,,,,,,,,,,,,,,,,,,,,,,,,,,,,,,,,,
,,,,,,,,,,,,,,,,,,,,,,,,,,,,,,,,,,,
,,,,,,,,,,,,,,,,,,,,,,,,,,,,,,,,,,,
,,,,,,,,,,,,,,,,,,,,,,,,,,,,,,,,,,,
,,,,,,,,,,,,,,,,,,,,,,,,,,,,,,,,,,,
,,,,,,,,,,,,,,,,,,,,,,,,,,,,,,,,,,,
,,,,,,,,,,,,,,,,,,,,,,,,,,,,,,,,,,,
,,,,,,,,,,,,,,,,,,,,,,,,,,,,,,,,,,,
,,,,,,,,,,,,,,,,,,,,,,,,,,,,,,,,,,,
,,,,,,,,,,,,,,,,,,,,,,,,,,,,,,,,,,,
,,,,,,,,,,,,,,,,,,,,,,,,,,,,,,,,,,,
,,,,,,,,,,,,,,,,,,,,,,,,,,,,,,,,,,,
,,,,,,,,,,,,,,,,,,,,,,,,,,,,,,,,,,,
,,,,,,,,,,,,,,,,,,,,,,,,,,,,,,,,,,,
,,,,,,,,,,,,,,,,,,,,,,,,,,,,,,,,,,,
,,,,,,,,,,,,,,,,,,,,,,,,,,,,,,,,,,,
,,,,,,,,,,,,,,,,,,,,,,,,,,,,,,,,,,,
,,,,,,,,,,,,,,,,,,,,,,,,,,,,,,,,,,,
,,,,,,,,,,,,,,,,,,,,,,,,,,,,,,,,,,,
,,,,,,,,,,,,,,,,,,,,,,,,,,,,,,,,,,,
,,,,,,,,,,,,,,,,,,,,,,,,,,,,,,,,,,,
,,,,,,,,,,,,,,,,,,,,,,,,,,,,,,,,,,,
,,,,,,,,,,,,,,,,,,,,,,,,,,,,,,,,,,,
,,,,,,,,,,,,,,,,,,,,,,,,,,,,,,,,,,,
,,,,,,,,,,,,,,,,,,,,,,,,,,,,,,,,,,,
,,,,,,,,,,,,,,,,,,,,,,,,,,,,,,,,,,,
,,,,,,,,,,,,,,,,,,,,,,,,,,,,,,,,,,,
,,,,,,,,,,,,,,,,,,,,,,,,,,,,,,,,,,,
,,,,,,,,,,,,,,,,,,,,,,,,,,,,,,,,,,,
,,,,,,,,,,,,,,,,,,,,,,,,,,,,,,,,,,,
,,,,,,,,,,,,,,,,,,,,,,,,,,,,,,,,,,,
,,,,,,,,,,,,,,,,,,,,,,,,,,,,,,,,,,,
,,,,,,,,,,,,,,,,,,,,,,,,,,,,,,,,,,,
,,,,,,,,,,,,,,,,,,,,,,,,,,,,,,,,,,,
,,,,,,,,,,,,,,,,,,,,,,,,,,,,,,,,,,,
,,,,,,,,,,,,,,,,,,,,,,,,,,,,,,,,,,,
,,,,,,,,,,,,,,,,,,,,,,,,,,,,,,,,,,,
,,,,,,,,,,,,,,,,,,,,,,,,,,,,,,,,,,,
,,,,,,,,,,,,,,,,,,,,,,,,,,,,,,,,,,,
,,,,,,,,,,,,,,,,,,,,,,,,,,,,,,,,,,,
,,,,,,,,,,,,,,,,,,,,,,,,,,,,,,,,,,,
,,,,,,,,,,,,,,,,,,,,,,,,,,,,,,,,,,,
,,,,,,,,,,,,,,,,,,,,,,,,,,,,,,,,,,,
,,,,,,,,,,,,,,,,,,,,,,,,,,,,,,,,,,,
,,,,,,,,,,,,,,,,,,,,,,,,,,,,,,,,,,,
,,,,,,,,,,,,,,,,,,,,,,,,,,,,,,,,,,,
,,,,,,,,,,,,,,,,,,,,,,,,,,,,,,,,,,,
,,,,,,,,,,,,,,,,,,,,,,,,,,,,,,,,,,,
,,,,,,,,,,,,,,,,,,,,,,,,,,,,,,,,,,,
,,,,,,,,,,,,,,,,,,,,,,,,,,,,,,,,,,,
,,,,,,,,,,,,,,,,,,,,,,,,,,,,,,,,,,,
,,,,,,,,,,,,,,,,,,,,,,,,,,,,,,,,,,,
,,,,,,,,,,,,,,,,,,,,,,,,,,,,,,,,,,,
,,,,,,,,,,,,,,,,,,,,,,,,,,,,,,,,,,,
,,,,,,,,,,,,,,,,,,,,,,,,,,,,,,,,,,,
,,,,,,,,,,,,,,,,,,,,,,,,,,,,,,,,,,,
,,,,,,,,,,,,,,,,,,,,,,,,,,,,,,,,,,,
,,,,,,,,,,,,,,,,,,,,,,,,,,,,,,,,,,,
,,,,,,,,,,,,,,,,,,,,,,,,,,,,,,,,,,,
,,,,,,,,,,,,,,,,,,,,,,,,,,,,,,,,,,,
,,,,,,,,,,,,,,,,,,,,,,,,,,,,,,,,,,,
,,,,,,,,,,,,,,,,,,,,,,,,,,,,,,,,,,,
,,,,,,,,,,,,,,,,,,,,,,,,,,,,,,,,,,,
,,,,,,,,,,,,,,,,,,,,,,,,,,,,,,,,,,,
,,,,,,,,,,,,,,,,,,,,,,,,,,,,,,,,,,,
,,,,,,,,,,,,,,,,,,,,,,,,,,,,,,,,,,,
,,,,,,,,,,,,,,,,,,,,,,,,,,,,,,,,,,,
,,,,,,,,,,,,,,,,,,,,,,,,,,,,,,,,,,,
,,,,,,,,,,,,,,,,,,,,,,,,,,,,,,,,,,,
,,,,,,,,,,,,,,,,,,,,,,,,,,,,,,,,,,,
,,,,,,,,,,,,,,,,,,,,,,,,,,,,,,,,,,,
,,,,,,,,,,,,,,,,,,,,,,,,,,,,,,,,,,,
,,,,,,,,,,,,,,,,,,,,,,,,,,,,,,,,,,,
,,,,,,,,,,,,,,,,,,,,,,,,,,,,,,,,,,,
,,,,,,,,,,,,,,,,,,,,,,,,,,,,,,,,,,,
,,,,,,,,,,,,,,,,,,,,,,,,,,,,,,,,,,,
,,,,,,,,,,,,,,,,,,,,,,,,,,,,,,,,,,,
,,,,,,,,,,,,,,,,,,,,,,,,,,,,,,,,,,,
,,,,,,,,,,,,,,,,,,,,,,,,,,,,,,,,,,,
,,,,,,,,,,,,,,,,,,,,,,,,,,,,,,,,,,,
,,,,,,,,,,,,,,,,,,,,,,,,,,,,,,,,,,,
,,,,,,,,,,,,,,,,,,,,,,,,,,,,,,,,,,,
,,,,,,,,,,,,,,,,,,,,,,,,,,,,,,,,,,,
,,,,,,,,,,,,,,,,,,,,,,,,,,,,,,,,,,,
,,,,,,,,,,,,,,,,,,,,,,,,,,,,,,,,,,,
,,,,,,,,,,,,,,,,,,,,,,,,,,,,,,,,,,,
,,,,,,,,,,,,,,,,,,,,,,,,,,,,,,,,,,,
,,,,,,,,,,,,,,,,,,,,,,,,,,,,,,,,,,,
,,,,,,,,,,,,,,,,,,,,,,,,,,,,,,,,,,,
,,,,,,,,,,,,,,,,,,,,,,,,,,,,,,,,,,,
,,,,,,,,,,,,,,,,,,,,,,,,,,,,,,,,,,,
,,,,,,,,,,,,,,,,,,,,,,,,,,,,,,,,,,,
,,,,,,,,,,,,,,,,,,,,,,,,,,,,,,,,,,,
,,,,,,,,,,,,,,,,,,,,,,,,,,,,,,,,,,,
,,,,,,,,,,,,,,,,,,,,,,,,,,,,,,,,,,,
,,,,,,,,,,,,,,,,,,,,,,,,,,,,,,,,,,,
,,,,,,,,,,,,,,,,,,,,,,,,,,,,,,,,,,,
,,,,,,,,,,,,,,,,,,,,,,,,,,,,,,,,,,,
,,,,,,,,,,,,,,,,,,,,,,,,,,,,,,,,,,,
,,,,,,,,,,,,,,,,,,,,,,,,,,,,,,,,,,,
,,,,,,,,,,,,,,,,,,,,,,,,,,,,,,,,,,,
,,,,,,,,,,,,,,,,,,,,,,,,,,,,,,,,,,,
,,,,,,,,,,,,,,,,,,,,,,,,,,,,,,,,,,,
,,,,,,,,,,,,,,,,,,,,,,,,,,,,,,,,,,,
,,,,,,,,,,,,,,,,,,,,,,,,,,,,,,,,,,,
,,,,,,,,,,,,,,,,,,,,,,,,,,,,,,,,,,,
,,,,,,,,,,,,,,,,,,,,,,,,,,,,,,,,,,,
,,,,,,,,,,,,,,,,,,,,,,,,,,,,,,,,,,,
,,,,,,,,,,,,,,,,,,,,,,,,,,,,,,,,,,,
,,,,,,,,,,,,,,,,,,,,,,,,,,,,,,,,,,,
,,,,,,,,,,,,,,,,,,,,,,,,,,,,,,,,,,,
,,,,,,,,,,,,,,,,,,,,,,,,,,,,,,,,,,,
,,,,,,,,,,,,,,,,,,,,,,,,,,,,,,,,,,,
,,,,,,,,,,,,,,,,,,,,,,,,,,,,,,,,,,,
,,,,,,,,,,,,,,,,,,,,,,,,,,,,,,,,,,,
,,,,,,,,,,,,,,,,,,,,,,,,,,,,,,,,,,,
,,,,,,,,,,,,,,,,,,,,,,,,,,,,,,,,,,,
,,,,,,,,,,,,,,,,,,,,,,,,,,,,,,,,,,,
,,,,,,,,,,,,,,,,,,,,,,,,,,,,,,,,,,,
,,,,,,,,,,,,,,,,,,,,,,,,,,,,,,,,,,,
,,,,,,,,,,,,,,,,,,,,,,,,,,,,,,,,,,,
,,,,,,,,,,,,,,,,,,,,,,,,,,,,,,,,,,,
,,,,,,,,,,,,,,,,,,,,,,,,,,,,,,,,,,,
,,,,,,,,,,,,,,,,,,,,,,,,,,,,,,,,,,,
,,,,,,,,,,,,,,,,,,,,,,,,,,,,,,,,,,,
,,,,,,,,,,,,,,,,,,,,,,,,,,,,,,,,,,,
,,,,,,,,,,,,,,,,,,,,,,,,,,,,,,,,,,,
,,,,,,,,,,,,,,,,,,,,,,,,,,,,,,,,,,,
,,,,,,,,,,,,,,,,,,,,,,,,,,,,,,,,,,,
,,,,,,,,,,,,,,,,,,,,,,,,,,,,,,,,,,,
,,,,,,,,,,,,,,,,,,,,,,,,,,,,,,,,,,,
,,,,,,,,,,,,,,,,,,,,,,,,,,,,,,,,,,,
,,,,,,,,,,,,,,,,,,,,,,,,,,,,,,,,,,,
,,,,,,,,,,,,,,,,,,,,,,,,,,,,,,,,,,,
,,,,,,,,,,,,,,,,,,,,,,,,,,,,,,,,,,,
,,,,,,,,,,,,,,,,,,,,,,,,,,,,,,,,,,,
,,,,,,,,,,,,,,,,,,,,,,,,,,,,,,,,,,,
,,,,,,,,,,,,,,,,,,,,,,,,,,,,,,,,,,,
,,,,,,,,,,,,,,,,,,,,,,,,,,,,,,,,,,,
,,,,,,,,,,,,,,,,,,,,,,,,,,,,,,,,,,,
,,,,,,,,,,,,,,,,,,,,,,,,,,,,,,,,,,,
,,,,,,,,,,,,,,,,,,,,,,,,,,,,,,,,,,,
,,,,,,,,,,,,,,,,,,,,,,,,,,,,,,,,,,,
,,,,,,,,,,,,,,,,,,,,,,,,,,,,,,,,,,,
,,,,,,,,,,,,,,,,,,,,,,,,,,,,,,,,,,,
,,,,,,,,,,,,,,,,,,,,,,,,,,,,,,,,,,,
,,,,,,,,,,,,,,,,,,,,,,,,,,,,,,,,,,,
,,,,,,,,,,,,,,,,,,,,,,,,,,,,,,,,,,,
,,,,,,,,,,,,,,,,,,,,,,,,,,,,,,,,,,,
,,,,,,,,,,,,,,,,,,,,,,,,,,,,,,,,,,,
,,,,,,,,,,,,,,,,,,,,,,,,,,,,,,,,,,,
,,,,,,,,,,,,,,,,,,,,,,,,,,,,,,,,,,,
,,,,,,,,,,,,,,,,,,,,,,,,,,,,,,,,,,,
,,,,,,,,,,,,,,,,,,,,,,,,,,,,,,,,,,,
,,,,,,,,,,,,,,,,,,,,,,,,,,,,,,,,,,,
,,,,,,,,,,,,,,,,,,,,,,,,,,,,,,,,,,,
,,,,,,,,,,,,,,,,,,,,,,,,,,,,,,,,,,,
,,,,,,,,,,,,,,,,,,,,,,,,,,,,,,,,,,,
,,,,,,,,,,,,,,,,,,,,,,,,,,,,,,,,,,,
,,,,,,,,,,,,,,,,,,,,,,,,,,,,,,,,,,,
,,,,,,,,,,,,,,,,,,,,,,,,,,,,,,,,,,,
,,,,,,,,,,,,,,,,,,,,,,,,,,,,,,,,,,,
,,,,,,,,,,,,,,,,,,,,,,,,,,,,,,,,,,,
,,,,,,,,,,,,,,,,,,,,,,,,,,,,,,,,,,,
,,,,,,,,,,,,,,,,,,,,,,,,,,,,,,,,,,,
,,,,,,,,,,,,,,,,,,,,,,,,,,,,,,,,,,,
,,,,,,,,,,,,,,,,,,,,,,,,,,,,,,,,,,,
,,,,,,,,,,,,,,,,,,,,,,,,,,,,,,,,,,,
,,,,,,,,,,,,,,,,,,,,,,,,,,,,,,,,,,,
,,,,,,,,,,,,,,,,,,,,,,,,,,,,,,,,,,,
,,,,,,,,,,,,,,,,,,,,,,,,,,,,,,,,,,,
,,,,,,,,,,,,,,,,,,,,,,,,,,,,,,,,,,,
,,,,,,,,,,,,,,,,,,,,,,,,,,,,,,,,,,,
,,,,,,,,,,,,,,,,,,,,,,,,,,,,,,,,,,,
,,,,,,,,,,,,,,,,,,,,,,,,,,,,,,,,,,,
,,,,,,,,,,,,,,,,,,,,,,,,,,,,,,,,,,,
,,,,,,,,,,,,,,,,,,,,,,,,,,,,,,,,,,,
,,,,,,,,,,,,,,,,,,,,,,,,,,,,,,,,,,,
,,,,,,,,,,,,,,,,,,,,,,,,,,,,,,,,,,,
,,,,,,,,,,,,,,,,,,,,,,,,,,,,,,,,,,,
,,,,,,,,,,,,,,,,,,,,,,,,,,,,,,,,,,,
,,,,,,,,,,,,,,,,,,,,,,,,,,,,,,,,,,,
,,,,,,,,,,,,,,,,,,,,,,,,,,,,,,,,,,,
,,,,,,,,,,,,,,,,,,,,,,,,,,,,,,,,,,,
,,,,,,,,,,,,,,,,,,,,,,,,,,,,,,,,,,,
,,,,,,,,,,,,,,,,,,,,,,,,,,,,,,,,,,,
,,,,,,,,,,,,,,,,,,,,,,,,,,,,,,,,,,,
,,,,,,,,,,,,,,,,,,,,,,,,,,,,,,,,,,,
,,,,,,,,,,,,,,,,,,,,,,,,,,,,,,,,,,,
,,,,,,,,,,,,,,,,,,,,,,,,,,,,,,,,,,,
,,,,,,,,,,,,,,,,,,,,,,,,,,,,,,,,,,,
,,,,,,,,,,,,,,,,,,,,,,,,,,,,,,,,,,,
,,,,,,,,,,,,,,,,,,,,,,,,,,,,,,,,,,,
,,,,,,,,,,,,,,,,,,,,,,,,,,,,,,,,,,,
,,,,,,,,,,,,,,,,,,,,,,,,,,,,,,,,,,,
,,,,,,,,,,,,,,,,,,,,,,,,,,,,,,,,,,,
,,,,,,,,,,,,,,,,,,,,,,,,,,,,,,,,,,,
,,,,,,,,,,,,,,,,,,,,,,,,,,,,,,,,,,,
,,,,,,,,,,,,,,,,,,,,,,,,,,,,,,,,,,,
,,,,,,,,,,,,,,,,,,,,,,,,,,,,,,,,,,,
,,,,,,,,,,,,,,,,,,,,,,,,,,,,,,,,,,,
,,,,,,,,,,,,,,,,,,,,,,,,,,,,,,,,,,,
,,,,,,,,,,,,,,,,,,,,,,,,,,,,,,,,,,,
,,,,,,,,,,,,,,,,,,,,,,,,,,,,,,,,,,,
,,,,,,,,,,,,,,,,,,,,,,,,,,,,,,,,,,,
,,,,,,,,,,,,,,,,,,,,,,,,,,,,,,,,,,,
,,,,,,,,,,,,,,,,,,,,,,,,,,,,,,,,,,,
,,,,,,,,,,,,,,,,,,,,,,,,,,,,,,,,,,,
,,,,,,,,,,,,,,,,,,,,,,,,,,,,,,,,,,,
,,,,,,,,,,,,,,,,,,,,,,,,,,,,,,,,,,,
,,,,,,,,,,,,,,,,,,,,,,,,,,,,,,,,,,,
,,,,,,,,,,,,,,,,,,,,,,,,,,,,,,,,,,,
,,,,,,,,,,,,,,,,,,,,,,,,,,,,,,,,,,,
,,,,,,,,,,,,,,,,,,,,,,,,,,,,,,,,,,,
,,,,,,,,,,,,,,,,,,,,,,,,,,,,,,,,,,,
,,,,,,,,,,,,,,,,,,,,,,,,,,,,,,,,,,,
,,,,,,,,,,,,,,,,,,,,,,,,,,,,,,,,,,,
,,,,,,,,,,,,,,,,,,,,,,,,,,,,,,,,,,,
,,,,,,,,,,,,,,,,,,,,,,,,,,,,,,,,,,,
,,,,,,,,,,,,,,,,,,,,,,,,,,,,,,,,,,,
,,,,,,,,,,,,,,,,,,,,,,,,,,,,,,,,,,,
,,,,,,,,,,,,,,,,,,,,,,,,,,,,,,,,,,,
,,,,,,,,,,,,,,,,,,,,,,,,,,,,,,,,,,,
,,,,,,,,,,,,,,,,,,,,,,,,,,,,,,,,,,,
,,,,,,,,,,,,,,,,,,,,,,,,,,,,,,,,,,,
,,,,,,,,,,,,,,,,,,,,,,,,,,,,,,,,,,,
,,,,,,,,,,,,,,,,,,,,,,,,,,,,,,,,,,,
,,,,,,,,,,,,,,,,,,,,,,,,,,,,,,,,,,,
,,,,,,,,,,,,,,,,,,,,,,,,,,,,,,,,,,,
,,,,,,,,,,,,,,,,,,,,,,,,,,,,,,,,,,,
,,,,,,,,,,,,,,,,,,,,,,,,,,,,,,,,,,,
,,,,,,,,,,,,,,,,,,,,,,,,,,,,,,,,,,,
,,,,,,,,,,,,,,,,,,,,,,,,,,,,,,,,,,,
,,,,,,,,,,,,,,,,,,,,,,,,,,,,,,,,,,,
,,,,,,,,,,,,,,,,,,,,,,,,,,,,,,,,,,,
,,,,,,,,,,,,,,,,,,,,,,,,,,,,,,,,,,,
,,,,,,,,,,,,,,,,,,,,,,,,,,,,,,,,,,,
,,,,,,,,,,,,,,,,,,,,,,,,,,,,,,,,,,,
,,,,,,,,,,,,,,,,,,,,,,,,,,,,,,,,,,,
,,,,,,,,,,,,,,,,,,,,,,,,,,,,,,,,,,,
,,,,,,,,,,,,,,,,,,,,,,,,,,,,,,,,,,,
,,,,,,,,,,,,,,,,,,,,,,,,,,,,,,,,,,,
,,,,,,,,,,,,,,,,,,,,,,,,,,,,,,,,,,,
,,,,,,,,,,,,,,,,,,,,,,,,,,,,,,,,,,,
,,,,,,,,,,,,,,,,,,,,,,,,,,,,,,,,,,,
,,,,,,,,,,,,,,,,,,,,,,,,,,,,,,,,,,,
,,,,,,,,,,,,,,,,,,,,,,,,,,,,,,,,,,,
,,,,,,,,,,,,,,,,,,,,,,,,,,,,,,,,,,,
,,,,,,,,,,,,,,,,,,,,,,,,,,,,,,,,,,,
,,,,,,,,,,,,,,,,,,,,,,,,,,,,,,,,,,,
,,,,,,,,,,,,,,,,,,,,,,,,,,,,,,,,,,,
,,,,,,,,,,,,,,,,,,,,,,,,,,,,,,,,,,,
,,,,,,,,,,,,,,,,,,,,,,,,,,,,,,,,,,,
,,,,,,,,,,,,,,,,,,,,,,,,,,,,,,,,,,,
,,,,,,,,,,,,,,,,,,,,,,,,,,,,,,,,,,,
,,,,,,,,,,,,,,,,,,,,,,,,,,,,,,,,,,,
,,,,,,,,,,,,,,,,,,,,,,,,,,,,,,,,,,,
,,,,,,,,,,,,,,,,,,,,,,,,,,,,,,,,,,,
,,,,,,,,,,,,,,,,,,,,,,,,,,,,,,,,,,,
,,,,,,,,,,,,,,,,,,,,,,,,,,,,,,,,,,,
,,,,,,,,,,,,,,,,,,,,,,,,,,,,,,,,,,,
,,,,,,,,,,,,,,,,,,,,,,,,,,,,,,,,,,,
,,,,,,,,,,,,,,,,,,,,,,,,,,,,,,,,,,,
,,,,,,,,,,,,,,,,,,,,,,,,,,,,,,,,,,,
,,,,,,,,,,,,,,,,,,,,,,,,,,,,,,,,,,,
,,,,,,,,,,,,,,,,,,,,,,,,,,,,,,,,,,,
,,,,,,,,,,,,,,,,,,,,,,,,,,,,,,,,,,,
,,,,,,,,,,,,,,,,,,,,,,,,,,,,,,,,,,,
,,,,,,,,,,,,,,,,,,,,,,,,,,,,,,,,,,,
,,,,,,,,,,,,,,,,,,,,,,,,,,,,,,,,,,,
,,,,,,,,,,,,,,,,,,,,,,,,,,,,,,,,,,,
,,,,,,,,,,,,,,,,,,,,,,,,,,,,,,,,,,,
,,,,,,,,,,,,,,,,,,,,,,,,,,,,,,,,,,,
,,,,,,,,,,,,,,,,,,,,,,,,,,,,,,,,,,,
,,,,,,,,,,,,,,,,,,,,,,,,,,,,,,,,,,,
,,,,,,,,,,,,,,,,,,,,,,,,,,,,,,,,,,,
,,,,,,,,,,,,,,,,,,,,,,,,,,,,,,,,,,,
,,,,,,,,,,,,,,,,,,,,,,,,,,,,,,,,,,,
,,,,,,,,,,,,,,,,,,,,,,,,,,,,,,,,,,,
,,,,,,,,,,,,,,,,,,,,,,,,,,,,,,,,,,,
,,,,,,,,,,,,,,,,,,,,,,,,,,,,,,,,,,,
,,,,,,,,,,,,,,,,,,,,,,,,,,,,,,,,,,,
,,,,,,,,,,,,,,,,,,,,,,,,,,,,,,,,,,,
,,,,,,,,,,,,,,,,,,,,,,,,,,,,,,,,,,,
,,,,,,,,,,,,,,,,,,,,,,,,,,,,,,,,,,,
,,,,,,,,,,,,,,,,,,,,,,,,,,,,,,,,,,,
,,,,,,,,,,,,,,,,,,,,,,,,,,,,,,,,,,,
,,,,,,,,,,,,,,,,,,,,,,,,,,,,,,,,,,,
,,,,,,,,,,,,,,,,,,,,,,,,,,,,,,,,,,,
,,,,,,,,,,,,,,,,,,,,,,,,,,,,,,,,,,,
,,,,,,,,,,,,,,,,,,,,,,,,,,,,,,,,,,,
,,,,,,,,,,,,,,,,,,,,,,,,,,,,,,,,,,,
,,,,,,,,,,,,,,,,,,,,,,,,,,,,,,,,,,,
,,,,,,,,,,,,,,,,,,,,,,,,,,,,,,,,,,,
,,,,,,,,,,,,,,,,,,,,,,,,,,,,,,,,,,,
,,,,,,,,,,,,,,,,,,,,,,,,,,,,,,,,,,,
,,,,,,,,,,,,,,,,,,,,,,,,,,,,,,,,,,,
,,,,,,,,,,,,,,,,,,,,,,,,,,,,,,,,,,,
,,,,,,,,,,,,,,,,,,,,,,,,,,,,,,,,,,,
,,,,,,,,,,,,,,,,,,,,,,,,,,,,,,,,,,,
,,,,,,,,,,,,,,,,,,,,,,,,,,,,,,,,,,,
,,,,,,,,,,,,,,,,,,,,,,,,,,,,,,,,,,,
,,,,,,,,,,,,,,,,,,,,,,,,,,,,,,,,,,,
,,,,,,,,,,,,,,,,,,,,,,,,,,,,,,,,,,,
,,,,,,,,,,,,,,,,,,,,,,,,,,,,,,,,,,,
,,,,,,,,,,,,,,,,,,,,,,,,,,,,,,,,,,,
,,,,,,,,,,,,,,,,,,,,,,,,,,,,,,,,,,,
,,,,,,,,,,,,,,,,,,,,,,,,,,,,,,,,,,,
,,,,,,,,,,,,,,,,,,,,,,,,,,,,,,,,,,,
,,,,,,,,,,,,,,,,,,,,,,,,,,,,,,,,,,,
,,,,,,,,,,,,,,,,,,,,,,,,,,,,,,,,,,,
,,,,,,,,,,,,,,,,,,,,,,,,,,,,,,,,,,,
,,,,,,,,,,,,,,,,,,,,,,,,,,,,,,,,,,,
,,,,,,,,,,,,,,,,,,,,,,,,,,,,,,,,,,,
,,,,,,,,,,,,,,,,,,,,,,,,,,,,,,,,,,,
,,,,,,,,,,,,,,,,,,,,,,,,,,,,,,,,,,,
,,,,,,,,,,,,,,,,,,,,,,,,,,,,,,,,,,,
,,,,,,,,,,,,,,,,,,,,,,,,,,,,,,,,,,,
,,,,,,,,,,,,,,,,,,,,,,,,,,,,,,,,,,,
,,,,,,,,,,,,,,,,,,,,,,,,,,,,,,,,,,,
,,,,,,,,,,,,,,,,,,,,,,,,,,,,,,,,,,,
,,,,,,,,,,,,,,,,,,,,,,,,,,,,,,,,,,,
,,,,,,,,,,,,,,,,,,,,,,,,,,,,,,,,,,,
,,,,,,,,,,,,,,,,,,,,,,,,,,,,,,,,,,,
,,,,,,,,,,,,,,,,,,,,,,,,,,,,,,,,,,,
,,,,,,,,,,,,,,,,,,,,,,,,,,,,,,,,,,,
,,,,,,,,,,,,,,,,,,,,,,,,,,,,,,,,,,,
